sample_id,site,season,depth,molecule,rep_number,temperature,humidity,particles,comment
1,site_1,spring,20.0,DNA,1.0,13.0,48.0,487.17147376237784,
2,site_1,spring,20.0,RNA,1.0,13.0,48.0,561.1255226924659,
3,site_1,spring,50.0,DNA,1.0,13.0,48.0,315.1569225168661,
4,site_1,spring,50.0,RNA,1.0,13.0,48.0,-69.19697347952615,
5,site_1,spring,80.0,DNA,1.0,13.0,48.0,282.2046663541553,
6,site_1,spring,80.0,RNA,1.0,13.0,48.0,487.28015931093034,
7,site_1,spring,20.0,DNA,2.0,15.0,41.0,-59.372890600690084,
8,site_1,spring,20.0,RNA,2.0,15.0,41.0,427.5693747816197,
9,site_1,spring,50.0,DNA,2.0,15.0,41.0,815.3581044816146,
10,site_1,spring,50.0,RNA,2.0,15.0,41.0,788.2284892693256,
11,site_1,spring,80.0,DNA,2.0,15.0,41.0,-54.65622705198189,
12,site_1,spring,80.0,RNA,2.0,15.0,41.0,314.89986123496055,
13,site_1,spring,20.0,DNA,3.0,17.0,47.0,857.2337765587893,
14,site_1,spring,20.0,RNA,3.0,17.0,47.0,146.66485314314843,
15,site_1,spring,50.0,DNA,3.0,17.0,47.0,716.5047631635102,
16,site_1,spring,50.0,RNA,3.0,17.0,47.0,604.3263861623287,
17,site_1,spring,80.0,DNA,3.0,17.0,47.0,775.8801104841169,
18,site_1,spring,80.0,RNA,3.0,17.0,47.0,365.3697927894491,
19,site_1,spring,20.0,DNA,4.0,18.0,32.0,522.3102057603284,
20,site_1,spring,20.0,RNA,4.0,18.0,32.0,1043.9614369993742,
21,site_1,spring,50.0,DNA,4.0,18.0,32.0,678.0396198324866,
22,site_1,spring,50.0,RNA,4.0,18.0,32.0,-121.7117576861765,
23,site_1,spring,80.0,DNA,4.0,18.0,32.0,621.2812455306976,
24,site_1,spring,80.0,RNA,4.0,18.0,32.0,444.6858688042317,
25,site_1,spring,20.0,DNA,5.0,15.0,22.0,401.38474176717165,
26,site_1,spring,20.0,RNA,5.0,15.0,22.0,1129.8008743216483,
27,site_1,spring,50.0,DNA,5.0,15.0,22.0,862.284197474903,
28,site_1,spring,50.0,RNA,5.0,15.0,22.0,627.3516752275815,
29,site_1,spring,80.0,DNA,5.0,15.0,22.0,979.9345360193824,
30,site_1,spring,80.0,RNA,5.0,15.0,22.0,792.8293630597466,
31,site_1,summer,20.0,DNA,1.0,15.0,31.0,561.2454262446115,
32,site_1,summer,20.0,RNA,1.0,15.0,31.0,269.8091606058422,
33,site_1,summer,50.0,DNA,1.0,15.0,31.0,294.64973305050285,
34,site_1,summer,50.0,RNA,1.0,15.0,31.0,619.4172817852487,
35,site_1,summer,80.0,DNA,1.0,15.0,31.0,294.2071625698341,
36,site_1,summer,80.0,RNA,1.0,15.0,31.0,841.4037902311455,
37,site_1,summer,20.0,DNA,2.0,16.0,45.0,1158.792588985525,
38,site_1,summer,20.0,RNA,2.0,16.0,45.0,-60.769051898392945,
39,site_1,summer,50.0,DNA,2.0,16.0,45.0,360.889914760823,
40,site_1,summer,50.0,RNA,2.0,16.0,45.0,310.20279823052283,
41,site_1,summer,80.0,DNA,2.0,16.0,45.0,382.97441468894425,
42,site_1,summer,80.0,RNA,2.0,16.0,45.0,1286.6813162045164,
43,site_1,summer,20.0,DNA,3.0,19.0,38.0,318.66464980903277,
44,site_1,summer,20.0,RNA,3.0,19.0,38.0,1051.536342896023,
45,site_1,summer,50.0,DNA,3.0,19.0,38.0,749.2211856451302,
46,site_1,summer,50.0,RNA,3.0,19.0,38.0,111.61189211043359,
47,site_1,summer,80.0,DNA,3.0,19.0,38.0,748.8047718437484,
48,site_1,summer,80.0,RNA,3.0,19.0,38.0,585.0743208507145,
49,site_1,summer,20.0,DNA,4.0,21.0,43.0,542.4521290334844,
50,site_1,summer,20.0,RNA,4.0,21.0,43.0,1377.3342322505869,
51,site_1,summer,50.0,DNA,4.0,21.0,43.0,697.061770149957,
52,site_1,summer,50.0,RNA,4.0,21.0,43.0,775.9423302648411,
53,site_1,summer,80.0,DNA,4.0,21.0,43.0,214.22058109138834,
54,site_1,summer,80.0,RNA,4.0,21.0,43.0,642.9400401404423,
55,site_1,summer,20.0,DNA,5.0,22.0,44.0,732.1274527838337,
56,site_1,summer,20.0,RNA,5.0,22.0,44.0,624.7366557280811,
57,site_1,summer,50.0,DNA,5.0,22.0,44.0,317.03490204796685,
58,site_1,summer,50.0,RNA,5.0,22.0,44.0,522.9505163331984,
59,site_1,summer,80.0,DNA,5.0,22.0,44.0,677.4952614563083,
60,site_1,summer,80.0,RNA,5.0,22.0,44.0,329.5608969600163,
61,site_1,autumn,20.0,DNA,1.0,17.0,81.0,411.90344529971696,
62,site_1,autumn,20.0,RNA,1.0,17.0,81.0,17.956889667376686,
63,site_1,autumn,50.0,DNA,1.0,17.0,81.0,542.0587952424307,
64,site_1,autumn,50.0,RNA,1.0,17.0,81.0,875.0093985551074,
65,site_1,autumn,80.0,DNA,1.0,17.0,81.0,181.81620622777064,
66,site_1,autumn,80.0,RNA,1.0,17.0,81.0,1013.3997334679403,
67,site_1,autumn,20.0,DNA,2.0,19.0,77.0,-299.0344773964464,
68,site_1,autumn,20.0,RNA,2.0,19.0,77.0,573.3833662817161,
69,site_1,autumn,50.0,DNA,2.0,19.0,77.0,177.0790459900416,
70,site_1,autumn,50.0,RNA,2.0,19.0,77.0,1231.6855868906164,
71,site_1,autumn,80.0,DNA,2.0,19.0,77.0,378.41029758603315,
72,site_1,autumn,80.0,RNA,2.0,19.0,77.0,823.8963919843183,
73,site_1,autumn,20.0,DNA,3.0,22.0,63.0,40.429637400243564,
74,site_1,autumn,20.0,RNA,3.0,22.0,63.0,166.3821021961981,
75,site_1,autumn,50.0,DNA,3.0,22.0,63.0,445.11542666098336,
76,site_1,autumn,50.0,RNA,3.0,22.0,63.0,757.6301346313335,
77,site_1,autumn,80.0,DNA,3.0,22.0,63.0,388.8566697935845,
78,site_1,autumn,80.0,RNA,3.0,22.0,63.0,26.47167767426123,
79,site_1,autumn,20.0,DNA,4.0,25.0,75.0,264.6832180018956,
80,site_1,autumn,20.0,RNA,4.0,25.0,75.0,362.83880670943853,
81,site_1,autumn,50.0,DNA,4.0,25.0,75.0,549.6927168540063,
82,site_1,autumn,50.0,RNA,4.0,25.0,75.0,646.585246116073,
83,site_1,autumn,80.0,DNA,4.0,25.0,75.0,650.4438658557106,
84,site_1,autumn,80.0,RNA,4.0,25.0,75.0,803.3660521871437,
85,site_1,autumn,20.0,DNA,5.0,23.0,63.0,236.24402861912773,
86,site_1,autumn,20.0,RNA,5.0,23.0,63.0,643.9918875980597,
87,site_1,autumn,50.0,DNA,5.0,23.0,63.0,637.9016422550833,
88,site_1,autumn,50.0,RNA,5.0,23.0,63.0,934.5536073116464,
89,site_1,autumn,80.0,DNA,5.0,23.0,63.0,635.4082440077655,
90,site_1,autumn,80.0,RNA,5.0,23.0,63.0,605.7273563004651,
91,site_2,spring,20.0,DNA,1.0,11.0,93.0,867.5140336308118,
92,site_2,spring,20.0,RNA,1.0,11.0,93.0,290.4138059902456,
93,site_2,spring,50.0,DNA,1.0,11.0,93.0,503.7005426633877,
94,site_2,spring,50.0,RNA,1.0,11.0,93.0,551.9819564431201,
95,site_2,spring,80.0,DNA,1.0,11.0,93.0,252.57423141542253,
96,site_2,spring,80.0,RNA,1.0,11.0,93.0,955.2031563811292,
97,site_2,spring,20.0,DNA,2.0,10.0,107.0,88.29089976769137,
98,site_2,spring,20.0,RNA,2.0,10.0,107.0,292.3559290426314,
99,site_2,spring,50.0,DNA,2.0,10.0,107.0,125.70923655214636,
100,site_2,spring,50.0,RNA,2.0,10.0,107.0,278.7756848209415,
101,site_2,spring,80.0,DNA,2.0,10.0,107.0,361.2509994615365,
102,site_2,spring,80.0,RNA,2.0,10.0,107.0,244.08491719833904,
103,site_2,spring,20.0,DNA,3.0,13.0,117.0,1037.5854636989734,
104,site_2,spring,20.0,RNA,3.0,13.0,117.0,259.4454952311864,
105,site_2,spring,50.0,DNA,3.0,13.0,117.0,207.75313728525794,
106,site_2,spring,50.0,RNA,3.0,13.0,117.0,812.3849563052113,
107,site_2,spring,80.0,DNA,3.0,13.0,117.0,489.9796821083888,
108,site_2,spring,80.0,RNA,3.0,13.0,117.0,993.6756373632227,
109,site_2,spring,20.0,DNA,4.0,15.0,128.0,410.3753449479892,
110,site_2,spring,20.0,RNA,4.0,15.0,128.0,520.0899814753186,
111,site_2,spring,50.0,DNA,4.0,15.0,128.0,403.9273949301828,
112,site_2,spring,50.0,RNA,4.0,15.0,128.0,763.3645818336036,
113,site_2,spring,80.0,DNA,4.0,15.0,128.0,652.6497497616631,Wysoki współczynnik bytności ludzkiej
114,site_2,spring,80.0,RNA,4.0,15.0,128.0,151.79602899154685,Wysoki współczynnik bytności ludzkiej
115,site_2,spring,20.0,DNA,5.0,12.0,129.0,377.3959678684673,
116,site_2,spring,20.0,RNA,5.0,12.0,129.0,388.3048045056074,
117,site_2,spring,50.0,DNA,5.0,12.0,129.0,-3.372946892228242,
118,site_2,spring,50.0,RNA,5.0,12.0,129.0,715.4445311299886,
119,site_2,spring,80.0,DNA,5.0,12.0,129.0,539.0648040648761,
120,site_2,spring,80.0,RNA,5.0,12.0,129.0,209.64763823072786,
121,site_2,summer,20.0,DNA,1.0,34.0,36.0,-23.18070712301312,
122,site_2,summer,20.0,RNA,1.0,34.0,36.0,737.1806173160958,
123,site_2,summer,50.0,DNA,1.0,34.0,36.0,654.3178281182784,
124,site_2,summer,50.0,RNA,1.0,34.0,36.0,906.1864762914257,
125,site_2,summer,80.0,DNA,1.0,34.0,36.0,552.6572603090721,
126,site_2,summer,80.0,RNA,1.0,34.0,36.0,638.1887219593234,
127,site_2,summer,20.0,DNA,2.0,37.0,25.0,915.3291504225285,
128,site_2,summer,20.0,RNA,2.0,37.0,25.0,642.6813974009735,
129,site_2,summer,50.0,DNA,2.0,37.0,25.0,243.9207848689898,
130,site_2,summer,50.0,RNA,2.0,37.0,25.0,838.4120402871433,
131,site_2,summer,80.0,DNA,2.0,37.0,25.0,349.2423649145468,
132,site_2,summer,80.0,RNA,2.0,37.0,25.0,256.2964698790633,
133,site_2,summer,20.0,DNA,3.0,36.0,19.0,1023.5709432386132,
134,site_2,summer,20.0,RNA,3.0,36.0,19.0,620.8120312015619,
135,site_2,summer,50.0,DNA,3.0,36.0,19.0,705.545706077836,
136,site_2,summer,50.0,RNA,3.0,36.0,19.0,1068.1982979041204,
137,site_2,summer,80.0,DNA,3.0,36.0,19.0,807.2614357028322,
138,site_2,summer,80.0,RNA,3.0,36.0,19.0,625.9372715850744,
139,site_2,summer,20.0,DNA,4.0,35.0,21.0,422.938506781956,
140,site_2,summer,20.0,RNA,4.0,35.0,21.0,583.3963021765562,
141,site_2,summer,50.0,DNA,4.0,35.0,21.0,399.9622901813376,
142,site_2,summer,50.0,RNA,4.0,35.0,21.0,379.06795674874394,
143,site_2,summer,80.0,DNA,4.0,35.0,21.0,436.0066075202175,
144,site_2,summer,80.0,RNA,4.0,35.0,21.0,234.98239993799746,
145,site_2,summer,20.0,DNA,5.0,33.0,35.0,658.3317215160604,
146,site_2,summer,20.0,RNA,5.0,33.0,35.0,409.8074571778603,
147,site_2,summer,50.0,DNA,5.0,33.0,35.0,297.76337676767304,
148,site_2,summer,50.0,RNA,5.0,33.0,35.0,841.9930671119464,
149,site_2,summer,80.0,DNA,5.0,33.0,35.0,1337.9031928944867,
150,site_2,summer,80.0,RNA,5.0,33.0,35.0,32.36732488430886,
151,site_2,autumn,20.0,DNA,1.0,21.0,50.0,38.94470018950983,
152,site_2,autumn,20.0,RNA,1.0,21.0,50.0,764.5197627820239,
153,site_2,autumn,50.0,DNA,1.0,21.0,50.0,585.3033537649095,
154,site_2,autumn,50.0,RNA,1.0,21.0,50.0,143.09452270505489,
155,site_2,autumn,80.0,DNA,1.0,21.0,50.0,1004.1354037097307,
156,site_2,autumn,80.0,RNA,1.0,21.0,50.0,509.3010648299845,
157,site_2,autumn,20.0,DNA,2.0,17.0,62.0,532.3774424810131,
158,site_2,autumn,20.0,RNA,2.0,17.0,62.0,1284.9954377514196,
159,site_2,autumn,50.0,DNA,2.0,17.0,62.0,-15.217357081801197,
160,site_2,autumn,50.0,RNA,2.0,17.0,62.0,1042.5715688809457,
161,site_2,autumn,80.0,DNA,2.0,17.0,62.0,619.2662628041804,
162,site_2,autumn,80.0,RNA,2.0,17.0,62.0,463.7178790707938,
163,site_2,autumn,20.0,DNA,3.0,20.0,61.0,676.5772862740058,
164,site_2,autumn,20.0,RNA,3.0,20.0,61.0,714.8989396103252,
165,site_2,autumn,50.0,DNA,3.0,20.0,61.0,215.93370533443328,
166,site_2,autumn,50.0,RNA,3.0,20.0,61.0,574.9382143509309,
167,site_2,autumn,80.0,DNA,3.0,20.0,61.0,131.20967060675946,
168,site_2,autumn,80.0,RNA,3.0,20.0,61.0,453.3034895267945,
169,site_2,autumn,20.0,DNA,4.0,24.0,71.0,687.5550006916382,
170,site_2,autumn,20.0,RNA,4.0,24.0,71.0,511.22689378563337,
171,site_2,autumn,50.0,DNA,4.0,24.0,71.0,-211.9900581851191,
172,site_2,autumn,50.0,RNA,4.0,24.0,71.0,439.8890564619637,
173,site_2,autumn,80.0,DNA,4.0,24.0,71.0,775.8674893301471,
174,site_2,autumn,80.0,RNA,4.0,24.0,71.0,897.6804184888097,
175,site_2,autumn,20.0,DNA,5.0,22.0,81.0,540.7812506066894,
176,site_2,autumn,20.0,RNA,5.0,22.0,81.0,146.49232128841072,
177,site_2,autumn,50.0,DNA,5.0,22.0,81.0,997.0500311820307,
178,site_2,autumn,50.0,RNA,5.0,22.0,81.0,296.0565776411503,
179,site_2,autumn,80.0,DNA,5.0,22.0,81.0,781.8013827133618,
180,site_2,autumn,80.0,RNA,5.0,22.0,81.0,473.42919397579806,
181,site_3,spring,20.0,DNA,1.0,17.0,9.0,179.69768728314403,
182,site_3,spring,20.0,RNA,1.0,17.0,9.0,75.0826381483376,
183,site_3,spring,50.0,DNA,1.0,17.0,9.0,475.8723322917793,
184,site_3,spring,50.0,RNA,1.0,17.0,9.0,894.4372802892346,
185,site_3,spring,80.0,DNA,1.0,17.0,9.0,269.2734041520748,
186,site_3,spring,80.0,RNA,1.0,17.0,9.0,382.1722956318699,
187,site_3,spring,20.0,DNA,2.0,16.0,6.0,186.89694580412328,
188,site_3,spring,20.0,RNA,2.0,16.0,6.0,-49.702744467388584,
189,site_3,spring,50.0,DNA,2.0,16.0,6.0,1026.2630126027616,
190,site_3,spring,50.0,RNA,2.0,16.0,6.0,475.5866942869683,
191,site_3,spring,80.0,DNA,2.0,16.0,6.0,470.2839941251963,
192,site_3,spring,80.0,RNA,2.0,16.0,6.0,757.3404122191337,
193,site_3,spring,20.0,DNA,3.0,17.0,-6.0,745.3541111947053,
194,site_3,spring,20.0,RNA,3.0,17.0,-6.0,522.4583314171567,
195,site_3,spring,50.0,DNA,3.0,17.0,-6.0,436.53336775324266,
196,site_3,spring,50.0,RNA,3.0,17.0,-6.0,133.1845479024122,
197,site_3,spring,80.0,DNA,3.0,17.0,-6.0,794.0474408272988,
198,site_3,spring,80.0,RNA,3.0,17.0,-6.0,389.8383772938279,
199,site_3,spring,20.0,DNA,4.0,19.0,4.0,423.25795833695537,
200,site_3,spring,20.0,RNA,4.0,19.0,4.0,588.5327616266584,
201,site_3,spring,50.0,DNA,4.0,19.0,4.0,-182.83975441019027,
202,site_3,spring,50.0,RNA,4.0,19.0,4.0,692.3477020820706,
203,site_3,spring,80.0,DNA,4.0,19.0,4.0,153.22191068911644,
204,site_3,spring,80.0,RNA,4.0,19.0,4.0,748.7216351196158,
205,site_3,spring,20.0,DNA,5.0,19.0,16.0,1073.7959910373079,
206,site_3,spring,20.0,RNA,5.0,19.0,16.0,-48.85314364950557,
207,site_3,spring,50.0,DNA,5.0,19.0,16.0,361.33195537646657,
208,site_3,spring,50.0,RNA,5.0,19.0,16.0,905.6055518493249,
209,site_3,spring,80.0,DNA,5.0,19.0,16.0,624.6199909679417,
210,site_3,spring,80.0,RNA,5.0,19.0,16.0,339.32027743918053,
211,site_3,summer,20.0,DNA,1.0,31.0,83.0,585.6577113560234,
212,site_3,summer,20.0,RNA,1.0,31.0,83.0,673.4905048993352,
213,site_3,summer,50.0,DNA,1.0,31.0,83.0,903.5246956072763,
214,site_3,summer,50.0,RNA,1.0,31.0,83.0,443.79314479089385,
215,site_3,summer,80.0,DNA,1.0,31.0,83.0,252.58910321247902,
216,site_3,summer,80.0,RNA,1.0,31.0,83.0,810.1852981195477,
217,site_3,summer,20.0,DNA,2.0,30.0,89.0,828.1259962046652,
218,site_3,summer,20.0,RNA,2.0,30.0,89.0,1089.5350510911776,
219,site_3,summer,50.0,DNA,2.0,30.0,89.0,606.3650790186616,
220,site_3,summer,50.0,RNA,2.0,30.0,89.0,629.4241968534968,
221,site_3,summer,80.0,DNA,2.0,30.0,89.0,264.1004734495752,
222,site_3,summer,80.0,RNA,2.0,30.0,89.0,468.529174892174,
223,site_3,summer,20.0,DNA,3.0,26.0,76.0,550.6125367167499,
224,site_3,summer,20.0,RNA,3.0,26.0,76.0,756.0476047151474,
225,site_3,summer,50.0,DNA,3.0,26.0,76.0,362.1443898240337,
226,site_3,summer,50.0,RNA,3.0,26.0,76.0,-105.5558653419539,
227,site_3,summer,80.0,DNA,3.0,26.0,76.0,916.7972028610506,
228,site_3,summer,80.0,RNA,3.0,26.0,76.0,63.93833089525407,
229,site_3,summer,20.0,DNA,4.0,23.0,63.0,812.6307228745928,
230,site_3,summer,20.0,RNA,4.0,23.0,63.0,428.5179247241674,
231,site_3,summer,50.0,DNA,4.0,23.0,63.0,618.850377683037,
232,site_3,summer,50.0,RNA,4.0,23.0,63.0,704.2333563605405,
233,site_3,summer,80.0,DNA,4.0,23.0,63.0,543.4148934154595,
234,site_3,summer,80.0,RNA,4.0,23.0,63.0,938.6427813134599,
235,site_3,summer,20.0,DNA,5.0,21.0,73.0,220.69610971942888,
236,site_3,summer,20.0,RNA,5.0,21.0,73.0,401.31503835826896,
237,site_3,summer,50.0,DNA,5.0,21.0,73.0,651.3190590746808,
238,site_3,summer,50.0,RNA,5.0,21.0,73.0,300.40357987278753,
239,site_3,summer,80.0,DNA,5.0,21.0,73.0,229.13965451588024,
240,site_3,summer,80.0,RNA,5.0,21.0,73.0,433.61296254996887,
241,site_3,autumn,20.0,DNA,1.0,17.0,72.0,153.31835925970017,
242,site_3,autumn,20.0,RNA,1.0,17.0,72.0,648.167106357923,
243,site_3,autumn,50.0,DNA,1.0,17.0,72.0,1106.8504237219634,
244,site_3,autumn,50.0,RNA,1.0,17.0,72.0,682.6287869442875,
245,site_3,autumn,80.0,DNA,1.0,17.0,72.0,99.1824337114736,
246,site_3,autumn,80.0,RNA,1.0,17.0,72.0,768.2918527170614,
247,site_3,autumn,20.0,DNA,2.0,14.0,72.0,399.8859634418992,
248,site_3,autumn,20.0,RNA,2.0,14.0,72.0,311.9733401063384,
249,site_3,autumn,50.0,DNA,2.0,14.0,72.0,131.6591862066105,
250,site_3,autumn,50.0,RNA,2.0,14.0,72.0,137.73248733939647,
251,site_3,autumn,80.0,DNA,2.0,14.0,72.0,26.326693728403882,
252,site_3,autumn,80.0,RNA,2.0,14.0,72.0,429.7079952390044,
253,site_3,autumn,20.0,DNA,3.0,13.0,75.0,495.61710598661557,
254,site_3,autumn,20.0,RNA,3.0,13.0,75.0,124.85314816177276,
255,site_3,autumn,50.0,DNA,3.0,13.0,75.0,444.6899577675487,
256,site_3,autumn,50.0,RNA,3.0,13.0,75.0,535.1803389808788,
257,site_3,autumn,80.0,DNA,3.0,13.0,75.0,1015.582444014966,
258,site_3,autumn,80.0,RNA,3.0,13.0,75.0,395.98497348222963,
259,site_3,autumn,20.0,DNA,4.0,15.0,82.0,620.2683757547356,
260,site_3,autumn,20.0,RNA,4.0,15.0,82.0,212.1472902142819,
261,site_3,autumn,50.0,DNA,4.0,15.0,82.0,530.5084340048575,
262,site_3,autumn,50.0,RNA,4.0,15.0,82.0,599.6666781626295,
263,site_3,autumn,80.0,DNA,4.0,15.0,82.0,-96.74022651332257,
264,site_3,autumn,80.0,RNA,4.0,15.0,82.0,1144.8165515438677,
265,site_3,autumn,20.0,DNA,5.0,16.0,77.0,392.76117495975365,
266,site_3,autumn,20.0,RNA,5.0,16.0,77.0,635.7923939646662,
267,site_3,autumn,50.0,DNA,5.0,16.0,77.0,850.1700461481105,
268,site_3,autumn,50.0,RNA,5.0,16.0,77.0,967.4316441016797,
269,site_3,autumn,80.0,DNA,5.0,16.0,77.0,742.6525510426249,
270,site_3,autumn,80.0,RNA,5.0,16.0,77.0,459.88433163974025,
271,site_4,spring,20.0,DNA,1.0,13.0,52.0,224.54037967552773,
272,site_4,spring,20.0,RNA,1.0,13.0,52.0,338.64539655036765,
273,site_4,spring,50.0,DNA,1.0,13.0,52.0,830.0725805628583,
274,site_4,spring,50.0,RNA,1.0,13.0,52.0,970.1612180736217,
275,site_4,spring,80.0,DNA,1.0,13.0,52.0,266.1213342751789,
276,site_4,spring,80.0,RNA,1.0,13.0,52.0,863.5875686983325,
277,site_4,spring,20.0,DNA,2.0,13.0,64.0,270.70978210061946,
278,site_4,spring,20.0,RNA,2.0,13.0,64.0,261.45345717771374,
279,site_4,spring,50.0,DNA,2.0,13.0,64.0,589.7632784813636,
280,site_4,spring,50.0,RNA,2.0,13.0,64.0,712.425667729502,
281,site_4,spring,80.0,DNA,2.0,13.0,64.0,346.01036868683195,
282,site_4,spring,80.0,RNA,2.0,13.0,64.0,700.0989917590982,
283,site_4,spring,20.0,DNA,3.0,15.0,52.0,129.9061765409441,
284,site_4,spring,20.0,RNA,3.0,15.0,52.0,50.83856070658635,
285,site_4,spring,50.0,DNA,3.0,15.0,52.0,521.9075492362297,
286,site_4,spring,50.0,RNA,3.0,15.0,52.0,325.8402167766457,
287,site_4,spring,80.0,DNA,3.0,15.0,52.0,441.4806190338302,
288,site_4,spring,80.0,RNA,3.0,15.0,52.0,181.57061640676824,
289,site_4,spring,20.0,DNA,4.0,17.0,60.0,319.0935843027974,
290,site_4,spring,20.0,RNA,4.0,17.0,60.0,545.0145780033433,
291,site_4,spring,50.0,DNA,4.0,17.0,60.0,53.28821414694278,
292,site_4,spring,50.0,RNA,4.0,17.0,60.0,1331.3979472374667,
293,site_4,spring,80.0,DNA,4.0,17.0,60.0,61.05975961073341,
294,site_4,spring,80.0,RNA,4.0,17.0,60.0,557.6868753074889,
295,site_4,spring,20.0,DNA,5.0,21.0,54.0,452.55951029043763,
296,site_4,spring,20.0,RNA,5.0,21.0,54.0,144.35883207650068,
297,site_4,spring,50.0,DNA,5.0,21.0,54.0,574.1033250396888,
298,site_4,spring,50.0,RNA,5.0,21.0,54.0,356.30269704640705,
299,site_4,spring,80.0,DNA,5.0,21.0,54.0,841.5976209657463,"Nie można pobrać próby, woda zbyt płytka. Pobieram z dna."
300,site_4,spring,80.0,RNA,5.0,21.0,54.0,51.64580884505932,"Nie można pobrać próby, woda zbyt płytka. Pobieram z dna."
301,site_4,summer,20.0,DNA,1.0,26.0,31.0,502.09406899824745,
302,site_4,summer,20.0,RNA,1.0,26.0,31.0,397.9522465509634,
303,site_4,summer,50.0,DNA,1.0,26.0,31.0,879.9498035343972,
304,site_4,summer,50.0,RNA,1.0,26.0,31.0,967.544744380479,
305,site_4,summer,80.0,DNA,1.0,26.0,31.0,103.58463741486594,
306,site_4,summer,80.0,RNA,1.0,26.0,31.0,-275.45860919072993,
307,site_4,summer,20.0,DNA,2.0,24.0,29.0,356.11931558391893,
308,site_4,summer,20.0,RNA,2.0,24.0,29.0,507.52900148307145,
309,site_4,summer,50.0,DNA,2.0,24.0,29.0,405.5667327103408,
310,site_4,summer,50.0,RNA,2.0,24.0,29.0,651.8115774845442,
311,site_4,summer,80.0,DNA,2.0,24.0,29.0,348.40445686781953,
312,site_4,summer,80.0,RNA,2.0,24.0,29.0,209.21579356548926,
313,site_4,summer,20.0,DNA,3.0,24.0,30.0,816.6792461517161,
314,site_4,summer,20.0,RNA,3.0,24.0,30.0,840.3250080015869,
315,site_4,summer,50.0,DNA,3.0,24.0,30.0,101.87309230538023,
316,site_4,summer,50.0,RNA,3.0,24.0,30.0,501.06069451668543,
317,site_4,summer,80.0,DNA,3.0,24.0,30.0,843.6495314504933,
318,site_4,summer,80.0,RNA,3.0,24.0,30.0,384.25895092561683,
319,site_4,summer,20.0,DNA,4.0,24.0,30.0,152.05553154529872,
320,site_4,summer,20.0,RNA,4.0,24.0,30.0,1122.6177853811557,
321,site_4,summer,50.0,DNA,4.0,24.0,30.0,284.95351262355916,
322,site_4,summer,50.0,RNA,4.0,24.0,30.0,907.8194387776914,
323,site_4,summer,80.0,DNA,4.0,24.0,30.0,609.0077721871504,"Nie można pobrać próby, woda zbyt płytka. Pobieram z dna."
324,site_4,summer,80.0,RNA,4.0,24.0,30.0,-18.80070852613096,"Nie można pobrać próby, woda zbyt płytka. Pobieram z dna."
325,site_4,summer,20.0,DNA,5.0,25.0,28.0,1028.4823637023615,
326,site_4,summer,20.0,RNA,5.0,25.0,28.0,586.7480188935642,
327,site_4,summer,50.0,DNA,5.0,25.0,28.0,590.6149097906568,
328,site_4,summer,50.0,RNA,5.0,25.0,28.0,542.4484583294679,
329,site_4,summer,80.0,DNA,5.0,25.0,28.0,719.7055787570914,
330,site_4,summer,80.0,RNA,5.0,25.0,28.0,665.0388068932331,
331,site_4,autumn,20.0,DNA,1.0,10.0,78.0,-188.7182683021597,
332,site_4,autumn,20.0,RNA,1.0,10.0,78.0,102.05492143884277,
333,site_4,autumn,50.0,DNA,1.0,10.0,78.0,499.74125272128987,
334,site_4,autumn,50.0,RNA,1.0,10.0,78.0,406.5421949571065,
335,site_4,autumn,80.0,DNA,1.0,10.0,78.0,185.76755676482173,
336,site_4,autumn,80.0,RNA,1.0,10.0,78.0,474.7069382982292,
337,site_4,autumn,20.0,DNA,2.0,13.0,74.0,327.95695229426167,
338,site_4,autumn,20.0,RNA,2.0,13.0,74.0,327.6612337541926,
339,site_4,autumn,50.0,DNA,2.0,13.0,74.0,527.1115389364679,
340,site_4,autumn,50.0,RNA,2.0,13.0,74.0,671.6348348782601,
341,site_4,autumn,80.0,DNA,2.0,13.0,74.0,827.2026787640986,
342,site_4,autumn,80.0,RNA,2.0,13.0,74.0,-86.06668553823067,
343,site_4,autumn,20.0,DNA,3.0,13.0,88.0,214.25753789739485,
344,site_4,autumn,20.0,RNA,3.0,13.0,88.0,926.398385424546,
345,site_4,autumn,50.0,DNA,3.0,13.0,88.0,892.4840057466848,
346,site_4,autumn,50.0,RNA,3.0,13.0,88.0,679.4523055996663,
347,site_4,autumn,80.0,DNA,3.0,13.0,88.0,264.4295438761653,
348,site_4,autumn,80.0,RNA,3.0,13.0,88.0,252.9558240572074,
349,site_4,autumn,20.0,DNA,4.0,16.0,78.0,395.0701893824024,
350,site_4,autumn,20.0,RNA,4.0,16.0,78.0,526.6512740128776,
351,site_4,autumn,50.0,DNA,4.0,16.0,78.0,374.53476540499827,
352,site_4,autumn,50.0,RNA,4.0,16.0,78.0,35.366044349751974,
353,site_4,autumn,80.0,DNA,4.0,16.0,78.0,535.6085026600643,
354,site_4,autumn,80.0,RNA,4.0,16.0,78.0,946.0619096153266,
355,site_4,autumn,20.0,DNA,5.0,18.0,72.0,799.0859885851875,
356,site_4,autumn,20.0,RNA,5.0,18.0,72.0,257.48487152395825,
357,site_4,autumn,50.0,DNA,5.0,18.0,72.0,684.9260339088789,
358,site_4,autumn,50.0,RNA,5.0,18.0,72.0,390.49102180893476,
359,site_4,autumn,80.0,DNA,5.0,18.0,72.0,828.518674722618,
360,site_4,autumn,80.0,RNA,5.0,18.0,72.0,734.830725078058,
361,site_5,spring,20.0,DNA,1.0,12.0,76.0,632.6365416436665,
362,site_5,spring,20.0,RNA,1.0,12.0,76.0,124.13849992046937,
363,site_5,spring,50.0,DNA,1.0,12.0,76.0,490.1650143981032,
364,site_5,spring,50.0,RNA,1.0,12.0,76.0,308.7677855375942,
365,site_5,spring,80.0,DNA,1.0,12.0,76.0,43.41134613413311,
366,site_5,spring,80.0,RNA,1.0,12.0,76.0,305.96539863426534,
367,site_5,spring,20.0,DNA,2.0,10.0,68.0,811.1029812806973,
368,site_5,spring,20.0,RNA,2.0,10.0,68.0,727.1181797186687,
369,site_5,spring,50.0,DNA,2.0,10.0,68.0,129.467836710447,
370,site_5,spring,50.0,RNA,2.0,10.0,68.0,256.06270170559867,
371,site_5,spring,80.0,DNA,2.0,10.0,68.0,183.42092853099405,
372,site_5,spring,80.0,RNA,2.0,10.0,68.0,340.2531308140814,
373,site_5,spring,20.0,DNA,3.0,13.0,74.0,417.09686452597776,
374,site_5,spring,20.0,RNA,3.0,13.0,74.0,599.7413588585157,
375,site_5,spring,50.0,DNA,3.0,13.0,74.0,654.5407286235975,
376,site_5,spring,50.0,RNA,3.0,13.0,74.0,1137.2451144928202,
377,site_5,spring,80.0,DNA,3.0,13.0,74.0,648.2984891968244,
378,site_5,spring,80.0,RNA,3.0,13.0,74.0,337.6126089371852,
379,site_5,spring,20.0,DNA,4.0,9.0,73.0,743.7545291424498,
380,site_5,spring,20.0,RNA,4.0,9.0,73.0,346.336877009145,
381,site_5,spring,50.0,DNA,4.0,9.0,73.0,88.19170475124298,
382,site_5,spring,50.0,RNA,4.0,9.0,73.0,296.36327375618396,
383,site_5,spring,80.0,DNA,4.0,9.0,73.0,802.6100272786455,
384,site_5,spring,80.0,RNA,4.0,9.0,73.0,232.54666227462042,
385,site_5,spring,20.0,DNA,5.0,9.0,68.0,939.3625827370605,
386,site_5,spring,20.0,RNA,5.0,9.0,68.0,754.2036345200257,
387,site_5,spring,50.0,DNA,5.0,9.0,68.0,111.29257853259008,
388,site_5,spring,50.0,RNA,5.0,9.0,68.0,119.77811431874915,
389,site_5,spring,80.0,DNA,5.0,9.0,68.0,519.3490623295045,
390,site_5,spring,80.0,RNA,5.0,9.0,68.0,955.5649696632311,
391,site_5,summer,20.0,DNA,1.0,26.0,85.0,332.57679581332934,
392,site_5,summer,20.0,RNA,1.0,26.0,85.0,69.81336982783887,
393,site_5,summer,50.0,DNA,1.0,26.0,85.0,626.0479789523663,
394,site_5,summer,50.0,RNA,1.0,26.0,85.0,522.3043277642626,
395,site_5,summer,80.0,DNA,1.0,26.0,85.0,479.07788844372203,
396,site_5,summer,80.0,RNA,1.0,26.0,85.0,-55.108145684876376,
397,site_5,summer,20.0,DNA,2.0,23.0,86.0,490.1981516840396,
398,site_5,summer,20.0,RNA,2.0,23.0,86.0,609.577900084293,
399,site_5,summer,50.0,DNA,2.0,23.0,86.0,98.32464664462208,
400,site_5,summer,50.0,RNA,2.0,23.0,86.0,891.7107751840329,
401,site_5,summer,80.0,DNA,2.0,23.0,86.0,564.9431058062298,
402,site_5,summer,80.0,RNA,2.0,23.0,86.0,739.865890244408,
403,site_5,summer,20.0,DNA,3.0,23.0,84.0,1068.200852442497,
404,site_5,summer,20.0,RNA,3.0,23.0,84.0,960.938897500663,
405,site_5,summer,50.0,DNA,3.0,23.0,84.0,439.76372381353553,
406,site_5,summer,50.0,RNA,3.0,23.0,84.0,-80.05196005967491,
407,site_5,summer,80.0,DNA,3.0,23.0,84.0,449.119468959125,
408,site_5,summer,80.0,RNA,3.0,23.0,84.0,458.2232864321704,
409,site_5,summer,20.0,DNA,4.0,26.0,93.0,1068.357093709114,
410,site_5,summer,20.0,RNA,4.0,26.0,93.0,534.2667496864299,
411,site_5,summer,50.0,DNA,4.0,26.0,93.0,267.4233550628918,
412,site_5,summer,50.0,RNA,4.0,26.0,93.0,472.44468254226547,
413,site_5,summer,80.0,DNA,4.0,26.0,93.0,41.99437548952318,
414,site_5,summer,80.0,RNA,4.0,26.0,93.0,557.6699472766536,
415,site_5,summer,20.0,DNA,5.0,24.0,106.0,1222.7160732114896,
416,site_5,summer,20.0,RNA,5.0,24.0,106.0,-338.5530990903525,
417,site_5,summer,50.0,DNA,5.0,24.0,106.0,334.38220030806826,
418,site_5,summer,50.0,RNA,5.0,24.0,106.0,383.61908425051695,
419,site_5,summer,80.0,DNA,5.0,24.0,106.0,168.93397376938293,
420,site_5,summer,80.0,RNA,5.0,24.0,106.0,300.2759401597261,
421,site_5,autumn,20.0,DNA,1.0,5.0,37.0,790.4768278351737,
422,site_5,autumn,20.0,RNA,1.0,5.0,37.0,178.58279928724824,
423,site_5,autumn,50.0,DNA,1.0,5.0,37.0,641.8579531217167,
424,site_5,autumn,50.0,RNA,1.0,5.0,37.0,331.8103777564094,
425,site_5,autumn,80.0,DNA,1.0,5.0,37.0,1083.8351035710557,
426,site_5,autumn,80.0,RNA,1.0,5.0,37.0,571.5021489385823,
427,site_5,autumn,20.0,DNA,2.0,9.0,46.0,890.8200848212102,
428,site_5,autumn,20.0,RNA,2.0,9.0,46.0,384.7141936175618,
429,site_5,autumn,50.0,DNA,2.0,9.0,46.0,556.3018285897049,
430,site_5,autumn,50.0,RNA,2.0,9.0,46.0,1035.4824104848212,
431,site_5,autumn,80.0,DNA,2.0,9.0,46.0,646.9605231273295,
432,site_5,autumn,80.0,RNA,2.0,9.0,46.0,126.19730612957073,
433,site_5,autumn,20.0,DNA,3.0,12.0,48.0,-143.7688300400073,
434,site_5,autumn,20.0,RNA,3.0,12.0,48.0,435.44940077250254,
435,site_5,autumn,50.0,DNA,3.0,12.0,48.0,301.02211119219476,
436,site_5,autumn,50.0,RNA,3.0,12.0,48.0,125.64140873203382,
437,site_5,autumn,80.0,DNA,3.0,12.0,48.0,365.915963890537,
438,site_5,autumn,80.0,RNA,3.0,12.0,48.0,31.17256241002451,
439,site_5,autumn,20.0,DNA,4.0,16.0,45.0,509.57861905697087,
440,site_5,autumn,20.0,RNA,4.0,16.0,45.0,-190.44543818782904,
441,site_5,autumn,50.0,DNA,4.0,16.0,45.0,249.0314533515064,
442,site_5,autumn,50.0,RNA,4.0,16.0,45.0,1034.8027188787437,
443,site_5,autumn,80.0,DNA,4.0,16.0,45.0,1071.107858650554,
444,site_5,autumn,80.0,RNA,4.0,16.0,45.0,434.14042948542277,
445,site_5,autumn,20.0,DNA,5.0,15.0,36.0,746.9935537792729,
446,site_5,autumn,20.0,RNA,5.0,15.0,36.0,567.5049516237937,
447,site_5,autumn,50.0,DNA,5.0,15.0,36.0,238.10806842093803,
448,site_5,autumn,50.0,RNA,5.0,15.0,36.0,859.5050026448383,
449,site_5,autumn,80.0,DNA,5.0,15.0,36.0,113.41849038588441,
450,site_5,autumn,80.0,RNA,5.0,15.0,36.0,378.2624012900757,
451,site_6,spring,20.0,DNA,1.0,13.0,86.0,451.53725831518653,
452,site_6,spring,20.0,RNA,1.0,13.0,86.0,520.1518483219211,
453,site_6,spring,50.0,DNA,1.0,13.0,86.0,216.657016402958,
454,site_6,spring,50.0,RNA,1.0,13.0,86.0,1163.2806345459503,
455,site_6,spring,80.0,DNA,1.0,13.0,86.0,565.8581588142953,
456,site_6,spring,80.0,RNA,1.0,13.0,86.0,831.9103948501922,
457,site_6,spring,20.0,DNA,2.0,11.0,93.0,267.4292076593297,
458,site_6,spring,20.0,RNA,2.0,11.0,93.0,408.31671820386805,
459,site_6,spring,50.0,DNA,2.0,11.0,93.0,415.75556737128176,
460,site_6,spring,50.0,RNA,2.0,11.0,93.0,791.105618074283,
461,site_6,spring,80.0,DNA,2.0,11.0,93.0,599.9899905711782,
462,site_6,spring,80.0,RNA,2.0,11.0,93.0,-0.11937090279553786,
463,site_6,spring,20.0,DNA,3.0,13.0,105.0,1158.0434077968298,
464,site_6,spring,20.0,RNA,3.0,13.0,105.0,417.33768221928676,
465,site_6,spring,50.0,DNA,3.0,13.0,105.0,-384.1551384995648,
466,site_6,spring,50.0,RNA,3.0,13.0,105.0,370.93707469810596,
467,site_6,spring,80.0,DNA,3.0,13.0,105.0,116.23922726480038,
468,site_6,spring,80.0,RNA,3.0,13.0,105.0,650.2747709615685,
469,site_6,spring,20.0,DNA,4.0,14.0,101.0,476.33724940520705,
470,site_6,spring,20.0,RNA,4.0,14.0,101.0,154.0638985495678,
471,site_6,spring,50.0,DNA,4.0,14.0,101.0,44.87831832729819,
472,site_6,spring,50.0,RNA,4.0,14.0,101.0,584.2608266926393,
473,site_6,spring,80.0,DNA,4.0,14.0,101.0,679.3743547520494,
474,site_6,spring,80.0,RNA,4.0,14.0,101.0,379.28261875467115,
475,site_6,spring,20.0,DNA,5.0,15.0,114.0,30.10976981242851,
476,site_6,spring,20.0,RNA,5.0,15.0,114.0,524.5085040828976,
477,site_6,spring,50.0,DNA,5.0,15.0,114.0,205.19151052133003,
478,site_6,spring,50.0,RNA,5.0,15.0,114.0,803.2391383397314,
479,site_6,spring,80.0,DNA,5.0,15.0,114.0,109.3987732871899,
480,site_6,spring,80.0,RNA,5.0,15.0,114.0,619.29029005686,
481,site_6,summer,20.0,DNA,1.0,22.0,30.0,311.904430599733,
482,site_6,summer,20.0,RNA,1.0,22.0,30.0,122.91596107431673,
483,site_6,summer,50.0,DNA,1.0,22.0,30.0,1039.0348850732375,
484,site_6,summer,50.0,RNA,1.0,22.0,30.0,542.978331052625,
485,site_6,summer,80.0,DNA,1.0,22.0,30.0,180.01644817726321,
486,site_6,summer,80.0,RNA,1.0,22.0,30.0,202.9577825152736,
487,site_6,summer,20.0,DNA,2.0,25.0,35.0,590.5902255584723,
488,site_6,summer,20.0,RNA,2.0,25.0,35.0,776.3030135365809,
489,site_6,summer,50.0,DNA,2.0,25.0,35.0,306.77020872525213,
490,site_6,summer,50.0,RNA,2.0,25.0,35.0,647.189868265528,
491,site_6,summer,80.0,DNA,2.0,25.0,35.0,129.61037052575762,
492,site_6,summer,80.0,RNA,2.0,25.0,35.0,519.7626300457717,
493,site_6,summer,20.0,DNA,3.0,25.0,24.0,450.1690584381412,Woda bardzo brudna
494,site_6,summer,20.0,RNA,3.0,25.0,24.0,421.8866427947822,Woda bardzo brudna
495,site_6,summer,50.0,DNA,3.0,25.0,24.0,448.020549610839,
496,site_6,summer,50.0,RNA,3.0,25.0,24.0,779.9962348258985,
497,site_6,summer,80.0,DNA,3.0,25.0,24.0,-149.82180745001074,
498,site_6,summer,80.0,RNA,3.0,25.0,24.0,360.76982723784334,
499,site_6,summer,20.0,DNA,4.0,21.0,31.0,423.0330747765816,
500,site_6,summer,20.0,RNA,4.0,21.0,31.0,979.9528144698706,
501,site_6,summer,50.0,DNA,4.0,21.0,31.0,391.0169574720196,
502,site_6,summer,50.0,RNA,4.0,21.0,31.0,1044.7579701887748,
503,site_6,summer,80.0,DNA,4.0,21.0,31.0,440.00311931190674,
504,site_6,summer,80.0,RNA,4.0,21.0,31.0,90.38263132110927,
505,site_6,summer,20.0,DNA,5.0,23.0,42.0,336.9872578139233,
506,site_6,summer,20.0,RNA,5.0,23.0,42.0,275.9442538730776,
507,site_6,summer,50.0,DNA,5.0,23.0,42.0,566.3588864510144,
508,site_6,summer,50.0,RNA,5.0,23.0,42.0,655.163237350392,
509,site_6,summer,80.0,DNA,5.0,23.0,42.0,336.9936620604639,
510,site_6,summer,80.0,RNA,5.0,23.0,42.0,501.93305866593823,
511,site_6,autumn,20.0,DNA,1.0,16.0,56.0,317.00294270496806,
512,site_6,autumn,20.0,RNA,1.0,16.0,56.0,820.5668276587464,
513,site_6,autumn,50.0,DNA,1.0,16.0,56.0,943.8159174804583,
514,site_6,autumn,50.0,RNA,1.0,16.0,56.0,32.43482549925403,
515,site_6,autumn,80.0,DNA,1.0,16.0,56.0,805.6630591743844,
516,site_6,autumn,80.0,RNA,1.0,16.0,56.0,710.8239693017213,
517,site_6,autumn,20.0,DNA,2.0,20.0,49.0,96.25519374297465,
518,site_6,autumn,20.0,RNA,2.0,20.0,49.0,385.30811888370874,
519,site_6,autumn,50.0,DNA,2.0,20.0,49.0,137.45267003165577,
520,site_6,autumn,50.0,RNA,2.0,20.0,49.0,258.5723760114579,
521,site_6,autumn,80.0,DNA,2.0,20.0,49.0,164.4568915308107,
522,site_6,autumn,80.0,RNA,2.0,20.0,49.0,645.6724786640904,
523,site_6,autumn,20.0,DNA,3.0,21.0,43.0,122.23661880899664,
524,site_6,autumn,20.0,RNA,3.0,21.0,43.0,1256.6980952885558,
525,site_6,autumn,50.0,DNA,3.0,21.0,43.0,38.155028101216146,
526,site_6,autumn,50.0,RNA,3.0,21.0,43.0,274.5710915156527,
527,site_6,autumn,80.0,DNA,3.0,21.0,43.0,633.3549223997057,
528,site_6,autumn,80.0,RNA,3.0,21.0,43.0,-366.2137489953601,
529,site_6,autumn,20.0,DNA,4.0,25.0,51.0,390.55894997321855,
530,site_6,autumn,20.0,RNA,4.0,25.0,51.0,226.01465511705044,
531,site_6,autumn,50.0,DNA,4.0,25.0,51.0,623.1455079853781,
532,site_6,autumn,50.0,RNA,4.0,25.0,51.0,31.251937412664176,
533,site_6,autumn,80.0,DNA,4.0,25.0,51.0,526.0912216332766,
534,site_6,autumn,80.0,RNA,4.0,25.0,51.0,184.7103773730197,
535,site_6,autumn,20.0,DNA,5.0,26.0,51.0,-225.14256815619365,
536,site_6,autumn,20.0,RNA,5.0,26.0,51.0,-119.72619264807872,
537,site_6,autumn,50.0,DNA,5.0,26.0,51.0,295.613272996139,
538,site_6,autumn,50.0,RNA,5.0,26.0,51.0,224.92682999810683,
539,site_6,autumn,80.0,DNA,5.0,26.0,51.0,418.84646404714545,
540,site_6,autumn,80.0,RNA,5.0,26.0,51.0,651.5421857827301,
541,site_7,spring,20.0,DNA,1.0,12.0,23.0,648.3022307526119,
542,site_7,spring,20.0,RNA,1.0,12.0,23.0,705.0713308492998,
543,site_7,spring,50.0,DNA,1.0,12.0,23.0,532.6032931173748,
544,site_7,spring,50.0,RNA,1.0,12.0,23.0,200.1174337282215,
545,site_7,spring,80.0,DNA,1.0,12.0,23.0,422.1419834875622,
546,site_7,spring,80.0,RNA,1.0,12.0,23.0,199.7202231639401,
547,site_7,spring,20.0,DNA,2.0,9.0,29.0,853.3876762919795,
548,site_7,spring,20.0,RNA,2.0,9.0,29.0,738.94574263595,
549,site_7,spring,50.0,DNA,2.0,9.0,29.0,384.6863168897013,
550,site_7,spring,50.0,RNA,2.0,9.0,29.0,676.0565549021667,
551,site_7,spring,80.0,DNA,2.0,9.0,29.0,534.0942510255991,
552,site_7,spring,80.0,RNA,2.0,9.0,29.0,740.3240391027754,
553,site_7,spring,20.0,DNA,3.0,5.0,15.0,299.46101217485244,
554,site_7,spring,20.0,RNA,3.0,5.0,15.0,285.63396348720767,
555,site_7,spring,50.0,DNA,3.0,5.0,15.0,363.62452847129487,
556,site_7,spring,50.0,RNA,3.0,5.0,15.0,169.6366764354588,
557,site_7,spring,80.0,DNA,3.0,5.0,15.0,498.9228308038686,
558,site_7,spring,80.0,RNA,3.0,5.0,15.0,929.6550646414948,
559,site_7,spring,20.0,DNA,4.0,1.0,7.0,823.9538231501044,
560,site_7,spring,20.0,RNA,4.0,1.0,7.0,939.8670895764537,
561,site_7,spring,50.0,DNA,4.0,1.0,7.0,276.4117058232604,
562,site_7,spring,50.0,RNA,4.0,1.0,7.0,825.0751984662766,
563,site_7,spring,80.0,DNA,4.0,1.0,7.0,410.9591121735003,
564,site_7,spring,80.0,RNA,4.0,1.0,7.0,1038.7961914287018,
565,site_7,spring,20.0,DNA,5.0,-2.0,22.0,734.263862982417,
566,site_7,spring,20.0,RNA,5.0,-2.0,22.0,700.8868965600743,
567,site_7,spring,50.0,DNA,5.0,-2.0,22.0,450.3150266959544,
568,site_7,spring,50.0,RNA,5.0,-2.0,22.0,149.8104894834774,
569,site_7,spring,80.0,DNA,5.0,-2.0,22.0,185.155512703726,
570,site_7,spring,80.0,RNA,5.0,-2.0,22.0,577.2555965365941,
571,site_7,summer,20.0,DNA,1.0,25.0,26.0,708.1532285205305,
572,site_7,summer,20.0,RNA,1.0,25.0,26.0,493.8960463384581,
573,site_7,summer,50.0,DNA,1.0,25.0,26.0,574.3650215089893,
574,site_7,summer,50.0,RNA,1.0,25.0,26.0,430.33167307495614,
575,site_7,summer,80.0,DNA,1.0,25.0,26.0,451.3534082467185,
576,site_7,summer,80.0,RNA,1.0,25.0,26.0,326.2481411014354,
577,site_7,summer,20.0,DNA,2.0,26.0,20.0,980.8210474687176,
578,site_7,summer,20.0,RNA,2.0,26.0,20.0,615.5041504050662,
579,site_7,summer,50.0,DNA,2.0,26.0,20.0,944.7633563004297,
580,site_7,summer,50.0,RNA,2.0,26.0,20.0,868.4224862751068,
581,site_7,summer,80.0,DNA,2.0,26.0,20.0,90.24465286559945,
582,site_7,summer,80.0,RNA,2.0,26.0,20.0,589.9858016249152,
583,site_7,summer,20.0,DNA,3.0,28.0,12.0,424.06392470066993,
584,site_7,summer,20.0,RNA,3.0,28.0,12.0,724.9875382569652,
585,site_7,summer,50.0,DNA,3.0,28.0,12.0,599.4246121839979,
586,site_7,summer,50.0,RNA,3.0,28.0,12.0,941.3424941445902,
587,site_7,summer,80.0,DNA,3.0,28.0,12.0,436.3599860322749,
588,site_7,summer,80.0,RNA,3.0,28.0,12.0,718.1433107336871,
589,site_7,summer,20.0,DNA,4.0,32.0,25.0,908.6092662176698,
590,site_7,summer,20.0,RNA,4.0,32.0,25.0,627.0606712337874,
591,site_7,summer,50.0,DNA,4.0,32.0,25.0,104.80839136620153,
592,site_7,summer,50.0,RNA,4.0,32.0,25.0,338.5818338853787,
593,site_7,summer,80.0,DNA,4.0,32.0,25.0,360.86426262593,
594,site_7,summer,80.0,RNA,4.0,32.0,25.0,213.08433100325374,
595,site_7,summer,20.0,DNA,5.0,32.0,13.0,704.0350853038971,
596,site_7,summer,20.0,RNA,5.0,32.0,13.0,887.5192951360061,
597,site_7,summer,50.0,DNA,5.0,32.0,13.0,83.80641641917384,
598,site_7,summer,50.0,RNA,5.0,32.0,13.0,435.9436341347131,
599,site_7,summer,80.0,DNA,5.0,32.0,13.0,652.8004503658575,
600,site_7,summer,80.0,RNA,5.0,32.0,13.0,407.10470029174087,
601,site_7,autumn,20.0,DNA,1.0,17.0,15.0,599.800702605874,
602,site_7,autumn,20.0,RNA,1.0,17.0,15.0,753.3682106188519,
603,site_7,autumn,50.0,DNA,1.0,17.0,15.0,721.4171031988269,
604,site_7,autumn,50.0,RNA,1.0,17.0,15.0,560.4200666225908,
605,site_7,autumn,80.0,DNA,1.0,17.0,15.0,614.0116929214676,
606,site_7,autumn,80.0,RNA,1.0,17.0,15.0,72.6326737453229,
607,site_7,autumn,20.0,DNA,2.0,21.0,15.0,333.41167521300576,
608,site_7,autumn,20.0,RNA,2.0,21.0,15.0,531.8335205966351,
609,site_7,autumn,50.0,DNA,2.0,21.0,15.0,480.42699473018314,
610,site_7,autumn,50.0,RNA,2.0,21.0,15.0,-111.39878706817206,
611,site_7,autumn,80.0,DNA,2.0,21.0,15.0,136.45386701840664,Wysoki współczynnik bytności ludzkiej
612,site_7,autumn,80.0,RNA,2.0,21.0,15.0,815.1486299728215,Wysoki współczynnik bytności ludzkiej
613,site_7,autumn,20.0,DNA,3.0,17.0,22.0,317.5196833142529,
614,site_7,autumn,20.0,RNA,3.0,17.0,22.0,642.9164542186953,
615,site_7,autumn,50.0,DNA,3.0,17.0,22.0,330.11732963964494,
616,site_7,autumn,50.0,RNA,3.0,17.0,22.0,901.8822777186375,
617,site_7,autumn,80.0,DNA,3.0,17.0,22.0,292.98580737067437,
618,site_7,autumn,80.0,RNA,3.0,17.0,22.0,500.9658992827242,
619,site_7,autumn,20.0,DNA,4.0,21.0,11.0,437.58160162241836,
620,site_7,autumn,20.0,RNA,4.0,21.0,11.0,420.60807541676877,
621,site_7,autumn,50.0,DNA,4.0,21.0,11.0,476.6043771942351,
622,site_7,autumn,50.0,RNA,4.0,21.0,11.0,457.2359249334726,
623,site_7,autumn,80.0,DNA,4.0,21.0,11.0,726.9303146710442,
624,site_7,autumn,80.0,RNA,4.0,21.0,11.0,288.0982047231811,
625,site_7,autumn,20.0,DNA,5.0,17.0,19.0,608.5181085048767,
626,site_7,autumn,20.0,RNA,5.0,17.0,19.0,871.7647647558576,
627,site_7,autumn,50.0,DNA,5.0,17.0,19.0,931.1395500305152,
628,site_7,autumn,50.0,RNA,5.0,17.0,19.0,932.7828413884977,
629,site_7,autumn,80.0,DNA,5.0,17.0,19.0,-186.82562005886427,
630,site_7,autumn,80.0,RNA,5.0,17.0,19.0,661.617877070157,
631,site_8,spring,20.0,DNA,1.0,11.0,70.0,643.3430398816868,
632,site_8,spring,20.0,RNA,1.0,11.0,70.0,131.23597368235767,
633,site_8,spring,50.0,DNA,1.0,11.0,70.0,108.23261668023008,
634,site_8,spring,50.0,RNA,1.0,11.0,70.0,934.2936178716179,
635,site_8,spring,80.0,DNA,1.0,11.0,70.0,484.0334964200339,
636,site_8,spring,80.0,RNA,1.0,11.0,70.0,439.40750946175825,
637,site_8,spring,20.0,DNA,2.0,9.0,71.0,820.7662595181898,
638,site_8,spring,20.0,RNA,2.0,9.0,71.0,230.5320554465116,
639,site_8,spring,50.0,DNA,2.0,9.0,71.0,1404.383602730018,
640,site_8,spring,50.0,RNA,2.0,9.0,71.0,145.7555888726095,
641,site_8,spring,80.0,DNA,2.0,9.0,71.0,537.2906291433492,
642,site_8,spring,80.0,RNA,2.0,9.0,71.0,577.7393483501745,
643,site_8,spring,20.0,DNA,3.0,6.0,68.0,664.0298021290745,
644,site_8,spring,20.0,RNA,3.0,6.0,68.0,352.6651674934202,
645,site_8,spring,50.0,DNA,3.0,6.0,68.0,657.5679914550717,
646,site_8,spring,50.0,RNA,3.0,6.0,68.0,666.4009581650423,
647,site_8,spring,80.0,DNA,3.0,6.0,68.0,-144.4885428921391,
648,site_8,spring,80.0,RNA,3.0,6.0,68.0,850.7182530573039,
649,site_8,spring,20.0,DNA,4.0,7.0,59.0,464.3734287804626,
650,site_8,spring,20.0,RNA,4.0,7.0,59.0,-6.507194235064446,
651,site_8,spring,50.0,DNA,4.0,7.0,59.0,133.3166193011328,
652,site_8,spring,50.0,RNA,4.0,7.0,59.0,835.1069559997441,
653,site_8,spring,80.0,DNA,4.0,7.0,59.0,100.6982097101855,
654,site_8,spring,80.0,RNA,4.0,7.0,59.0,423.6199568228688,
655,site_8,spring,20.0,DNA,5.0,10.0,45.0,247.40423537550703,
656,site_8,spring,20.0,RNA,5.0,10.0,45.0,408.7925406000745,
657,site_8,spring,50.0,DNA,5.0,10.0,45.0,493.01434798825795,
658,site_8,spring,50.0,RNA,5.0,10.0,45.0,43.21689335704326,
659,site_8,spring,80.0,DNA,5.0,10.0,45.0,365.96089906300483,
660,site_8,spring,80.0,RNA,5.0,10.0,45.0,1554.3078883686285,
661,site_8,summer,20.0,DNA,1.0,33.0,28.0,475.8567781999715,
662,site_8,summer,20.0,RNA,1.0,33.0,28.0,1017.2065798600285,
663,site_8,summer,50.0,DNA,1.0,33.0,28.0,676.979728544366,
664,site_8,summer,50.0,RNA,1.0,33.0,28.0,535.8752136032691,
665,site_8,summer,80.0,DNA,1.0,33.0,28.0,581.5683249000663,
666,site_8,summer,80.0,RNA,1.0,33.0,28.0,680.1891360156212,
667,site_8,summer,20.0,DNA,2.0,29.0,37.0,667.0789450275795,
668,site_8,summer,20.0,RNA,2.0,29.0,37.0,289.4362195305846,
669,site_8,summer,50.0,DNA,2.0,29.0,37.0,671.2358188185043,
670,site_8,summer,50.0,RNA,2.0,29.0,37.0,678.2094726589035,
671,site_8,summer,80.0,DNA,2.0,29.0,37.0,87.06583636681353,
672,site_8,summer,80.0,RNA,2.0,29.0,37.0,852.8069130554879,
673,site_8,summer,20.0,DNA,3.0,32.0,45.0,238.02252721482807,
674,site_8,summer,20.0,RNA,3.0,32.0,45.0,818.7775951451197,
675,site_8,summer,50.0,DNA,3.0,32.0,45.0,436.082121965658,
676,site_8,summer,50.0,RNA,3.0,32.0,45.0,108.02451464387013,
677,site_8,summer,80.0,DNA,3.0,32.0,45.0,407.3754467064785,
678,site_8,summer,80.0,RNA,3.0,32.0,45.0,1098.0229367401644,
679,site_8,summer,20.0,DNA,4.0,31.0,48.0,1175.9474822151599,
680,site_8,summer,20.0,RNA,4.0,31.0,48.0,707.7929531617858,
681,site_8,summer,50.0,DNA,4.0,31.0,48.0,347.7377790118363,
682,site_8,summer,50.0,RNA,4.0,31.0,48.0,398.3276375448447,
683,site_8,summer,80.0,DNA,4.0,31.0,48.0,58.10554764546339,
684,site_8,summer,80.0,RNA,4.0,31.0,48.0,589.4860026017418,
685,site_8,summer,20.0,DNA,5.0,29.0,63.0,429.3867220097663,
686,site_8,summer,20.0,RNA,5.0,29.0,63.0,997.8011916017226,
687,site_8,summer,50.0,DNA,5.0,29.0,63.0,482.360694547647,
688,site_8,summer,50.0,RNA,5.0,29.0,63.0,372.19346432253354,
689,site_8,summer,80.0,DNA,5.0,29.0,63.0,446.19470525207885,
690,site_8,summer,80.0,RNA,5.0,29.0,63.0,649.4604731989687,
691,site_8,autumn,20.0,DNA,1.0,5.0,24.0,472.9212354180198,
692,site_8,autumn,20.0,RNA,1.0,5.0,24.0,283.4541986852876,
693,site_8,autumn,50.0,DNA,1.0,5.0,24.0,188.65253758081548,
694,site_8,autumn,50.0,RNA,1.0,5.0,24.0,577.2362913997899,
695,site_8,autumn,80.0,DNA,1.0,5.0,24.0,237.55608446398503,
696,site_8,autumn,80.0,RNA,1.0,5.0,24.0,550.3093954762805,
697,site_8,autumn,20.0,DNA,2.0,1.0,29.0,740.6578669359511,
698,site_8,autumn,20.0,RNA,2.0,1.0,29.0,244.62299436144028,
699,site_8,autumn,50.0,DNA,2.0,1.0,29.0,395.89026086374395,
700,site_8,autumn,50.0,RNA,2.0,1.0,29.0,-368.8136988077089,
701,site_8,autumn,80.0,DNA,2.0,1.0,29.0,812.1292150150671,
702,site_8,autumn,80.0,RNA,2.0,1.0,29.0,863.9366286679775,
703,site_8,autumn,20.0,DNA,3.0,-3.0,16.0,1108.5575018713719,
704,site_8,autumn,20.0,RNA,3.0,-3.0,16.0,1239.6165812398347,
705,site_8,autumn,50.0,DNA,3.0,-3.0,16.0,877.9495669421001,
706,site_8,autumn,50.0,RNA,3.0,-3.0,16.0,180.94874212502828,
707,site_8,autumn,80.0,DNA,3.0,-3.0,16.0,372.84982797557177,
708,site_8,autumn,80.0,RNA,3.0,-3.0,16.0,404.44222042455175,
709,site_8,autumn,20.0,DNA,4.0,-1.0,16.0,298.481138748566,
710,site_8,autumn,20.0,RNA,4.0,-1.0,16.0,624.924405206196,
711,site_8,autumn,50.0,DNA,4.0,-1.0,16.0,377.05245209441415,
712,site_8,autumn,50.0,RNA,4.0,-1.0,16.0,-28.2546510337811,
713,site_8,autumn,80.0,DNA,4.0,-1.0,16.0,345.49013507273935,
714,site_8,autumn,80.0,RNA,4.0,-1.0,16.0,345.1037581700538,
715,site_8,autumn,20.0,DNA,5.0,-4.0,18.0,97.90912293036888,
716,site_8,autumn,20.0,RNA,5.0,-4.0,18.0,944.8502542153508,
717,site_8,autumn,50.0,DNA,5.0,-4.0,18.0,109.11917230887786,
718,site_8,autumn,50.0,RNA,5.0,-4.0,18.0,150.91891067923507,
719,site_8,autumn,80.0,DNA,5.0,-4.0,18.0,339.63799315749384,
720,site_8,autumn,80.0,RNA,5.0,-4.0,18.0,229.7942798228088,
721,site_9,spring,20.0,DNA,1.0,10.0,48.0,448.2622439721789,
722,site_9,spring,20.0,RNA,1.0,10.0,48.0,291.85622026940746,
723,site_9,spring,50.0,DNA,1.0,10.0,48.0,873.4254192718389,
724,site_9,spring,50.0,RNA,1.0,10.0,48.0,1386.1110897304718,
725,site_9,spring,80.0,DNA,1.0,10.0,48.0,257.35274880179634,
726,site_9,spring,80.0,RNA,1.0,10.0,48.0,763.5693866849147,
727,site_9,spring,20.0,DNA,2.0,7.0,33.0,522.2523329856542,
728,site_9,spring,20.0,RNA,2.0,7.0,33.0,514.6596696015665,
729,site_9,spring,50.0,DNA,2.0,7.0,33.0,835.8812530998821,
730,site_9,spring,50.0,RNA,2.0,7.0,33.0,679.9657356346543,
731,site_9,spring,80.0,DNA,2.0,7.0,33.0,341.08053359919086,
732,site_9,spring,80.0,RNA,2.0,7.0,33.0,462.31391654392104,
733,site_9,spring,20.0,DNA,3.0,6.0,23.0,981.9037632294155,
734,site_9,spring,20.0,RNA,3.0,6.0,23.0,175.06411801249834,
735,site_9,spring,50.0,DNA,3.0,6.0,23.0,100.16090013347787,
736,site_9,spring,50.0,RNA,3.0,6.0,23.0,1092.2604782454055,
737,site_9,spring,80.0,DNA,3.0,6.0,23.0,529.9391171720621,
738,site_9,spring,80.0,RNA,3.0,6.0,23.0,539.1023327071869,
739,site_9,spring,20.0,DNA,4.0,4.0,28.0,590.1875199780648,
740,site_9,spring,20.0,RNA,4.0,4.0,28.0,363.90799876563824,
741,site_9,spring,50.0,DNA,4.0,4.0,28.0,221.29524140782587,
742,site_9,spring,50.0,RNA,4.0,4.0,28.0,587.0513190815192,
743,site_9,spring,80.0,DNA,4.0,4.0,28.0,725.0793461756999,
744,site_9,spring,80.0,RNA,4.0,4.0,28.0,276.83071573431994,
745,site_9,spring,20.0,DNA,5.0,4.0,25.0,637.048833656735,
746,site_9,spring,20.0,RNA,5.0,4.0,25.0,540.6169790459057,
747,site_9,spring,50.0,DNA,5.0,4.0,25.0,333.81789641728335,
748,site_9,spring,50.0,RNA,5.0,4.0,25.0,590.7294435900315,
749,site_9,spring,80.0,DNA,5.0,4.0,25.0,775.0817623785176,
750,site_9,spring,80.0,RNA,5.0,4.0,25.0,555.7578674941406,
751,site_9,summer,20.0,DNA,1.0,18.0,33.0,754.4085853844647,
752,site_9,summer,20.0,RNA,1.0,18.0,33.0,413.2537899554912,
753,site_9,summer,50.0,DNA,1.0,18.0,33.0,-229.16222781944043,
754,site_9,summer,50.0,RNA,1.0,18.0,33.0,374.53113006236435,
755,site_9,summer,80.0,DNA,1.0,18.0,33.0,856.565562889489,
756,site_9,summer,80.0,RNA,1.0,18.0,33.0,774.6848483660106,
757,site_9,summer,20.0,DNA,2.0,14.0,42.0,30.441170760870534,
758,site_9,summer,20.0,RNA,2.0,14.0,42.0,751.447930542681,
759,site_9,summer,50.0,DNA,2.0,14.0,42.0,870.4321246472557,
760,site_9,summer,50.0,RNA,2.0,14.0,42.0,382.3556678526328,
761,site_9,summer,80.0,DNA,2.0,14.0,42.0,802.6867379986393,
762,site_9,summer,80.0,RNA,2.0,14.0,42.0,697.3667658703811,
763,site_9,summer,20.0,DNA,3.0,17.0,38.0,621.7307885763012,
764,site_9,summer,20.0,RNA,3.0,17.0,38.0,849.4893314488833,
765,site_9,summer,50.0,DNA,3.0,17.0,38.0,740.4878207207908,
766,site_9,summer,50.0,RNA,3.0,17.0,38.0,489.60667159587837,
767,site_9,summer,80.0,DNA,3.0,17.0,38.0,565.6587650649959,
768,site_9,summer,80.0,RNA,3.0,17.0,38.0,519.496483422285,
769,site_9,summer,20.0,DNA,4.0,15.0,38.0,413.4064770990486,
770,site_9,summer,20.0,RNA,4.0,15.0,38.0,336.94285396589964,
771,site_9,summer,50.0,DNA,4.0,15.0,38.0,1002.2166794349897,
772,site_9,summer,50.0,RNA,4.0,15.0,38.0,26.946687303315002,
773,site_9,summer,80.0,DNA,4.0,15.0,38.0,1208.3820069329686,
774,site_9,summer,80.0,RNA,4.0,15.0,38.0,563.7856001990353,
775,site_9,summer,20.0,DNA,5.0,16.0,24.0,861.8938952843058,
776,site_9,summer,20.0,RNA,5.0,16.0,24.0,316.4387653310271,
777,site_9,summer,50.0,DNA,5.0,16.0,24.0,763.7703216213192,
778,site_9,summer,50.0,RNA,5.0,16.0,24.0,-190.56729477498084,
779,site_9,summer,80.0,DNA,5.0,16.0,24.0,4.621579221089235,
780,site_9,summer,80.0,RNA,5.0,16.0,24.0,661.3209430851775,
781,site_9,autumn,20.0,DNA,1.0,15.0,12.0,561.8140849814264,
782,site_9,autumn,20.0,RNA,1.0,15.0,12.0,543.962005601052,
783,site_9,autumn,50.0,DNA,1.0,15.0,12.0,458.49192331443845,
784,site_9,autumn,50.0,RNA,1.0,15.0,12.0,648.6772683295485,
785,site_9,autumn,80.0,DNA,1.0,15.0,12.0,445.70399727986074,
786,site_9,autumn,80.0,RNA,1.0,15.0,12.0,169.37759611503628,
787,site_9,autumn,20.0,DNA,2.0,13.0,-1.0,775.1202139288358,
788,site_9,autumn,20.0,RNA,2.0,13.0,-1.0,132.11035840135202,
789,site_9,autumn,50.0,DNA,2.0,13.0,-1.0,728.4178756056755,
790,site_9,autumn,50.0,RNA,2.0,13.0,-1.0,-164.39117265078414,
791,site_9,autumn,80.0,DNA,2.0,13.0,-1.0,330.81909245479596,
792,site_9,autumn,80.0,RNA,2.0,13.0,-1.0,848.9729702153779,
793,site_9,autumn,20.0,DNA,3.0,11.0,-12.0,505.20041578911156,
794,site_9,autumn,20.0,RNA,3.0,11.0,-12.0,814.619941627077,
795,site_9,autumn,50.0,DNA,3.0,11.0,-12.0,531.855345204157,
796,site_9,autumn,50.0,RNA,3.0,11.0,-12.0,773.472456479058,
797,site_9,autumn,80.0,DNA,3.0,11.0,-12.0,580.761390494513,
798,site_9,autumn,80.0,RNA,3.0,11.0,-12.0,220.20677368700836,
799,site_9,autumn,20.0,DNA,4.0,15.0,-23.0,743.4219299672452,
800,site_9,autumn,20.0,RNA,4.0,15.0,-23.0,672.5806141476314,
801,site_9,autumn,50.0,DNA,4.0,15.0,-23.0,329.2318379304247,
802,site_9,autumn,50.0,RNA,4.0,15.0,-23.0,971.2430017709262,
803,site_9,autumn,80.0,DNA,4.0,15.0,-23.0,337.1655011904022,
804,site_9,autumn,80.0,RNA,4.0,15.0,-23.0,520.3266336713186,
805,site_9,autumn,20.0,DNA,5.0,14.0,-22.0,629.9436840374199,
806,site_9,autumn,20.0,RNA,5.0,14.0,-22.0,284.796828867669,
807,site_9,autumn,50.0,DNA,5.0,14.0,-22.0,663.4274927685381,
808,site_9,autumn,50.0,RNA,5.0,14.0,-22.0,245.0975298052542,
809,site_9,autumn,80.0,DNA,5.0,14.0,-22.0,456.4597089217624,
810,site_9,autumn,80.0,RNA,5.0,14.0,-22.0,877.2952539842973,
811,site_10,spring,20.0,DNA,1.0,7.0,71.0,709.5640294076844,
812,site_10,spring,20.0,RNA,1.0,7.0,71.0,680.624495913886,
813,site_10,spring,50.0,DNA,1.0,7.0,71.0,235.634954207029,
814,site_10,spring,50.0,RNA,1.0,7.0,71.0,404.023514155698,
815,site_10,spring,80.0,DNA,1.0,7.0,71.0,726.8380954810058,
816,site_10,spring,80.0,RNA,1.0,7.0,71.0,609.4837726945476,
817,site_10,spring,20.0,DNA,2.0,5.0,84.0,613.8704222014306,
818,site_10,spring,20.0,RNA,2.0,5.0,84.0,1044.1163707810701,
819,site_10,spring,50.0,DNA,2.0,5.0,84.0,347.7012122808507,
820,site_10,spring,50.0,RNA,2.0,5.0,84.0,335.95921152122435,
821,site_10,spring,80.0,DNA,2.0,5.0,84.0,398.7382886650862,
822,site_10,spring,80.0,RNA,2.0,5.0,84.0,816.1729281560383,
823,site_10,spring,20.0,DNA,3.0,9.0,78.0,271.37688329422815,
824,site_10,spring,20.0,RNA,3.0,9.0,78.0,614.7515985808149,
825,site_10,spring,50.0,DNA,3.0,9.0,78.0,653.5243451882354,
826,site_10,spring,50.0,RNA,3.0,9.0,78.0,378.154833205108,
827,site_10,spring,80.0,DNA,3.0,9.0,78.0,768.5853759568371,
828,site_10,spring,80.0,RNA,3.0,9.0,78.0,699.7778298272076,
829,site_10,spring,20.0,DNA,4.0,13.0,81.0,68.14341399570276,
830,site_10,spring,20.0,RNA,4.0,13.0,81.0,787.7024746761163,
831,site_10,spring,50.0,DNA,4.0,13.0,81.0,584.7287235894721,
832,site_10,spring,50.0,RNA,4.0,13.0,81.0,343.51142018562496,
833,site_10,spring,80.0,DNA,4.0,13.0,81.0,696.6107668083131,
834,site_10,spring,80.0,RNA,4.0,13.0,81.0,606.4687106961582,
835,site_10,spring,20.0,DNA,5.0,10.0,96.0,121.10739424384747,
836,site_10,spring,20.0,RNA,5.0,10.0,96.0,610.3078450677973,
837,site_10,spring,50.0,DNA,5.0,10.0,96.0,1104.0062662875503,
838,site_10,spring,50.0,RNA,5.0,10.0,96.0,346.64830998297384,
839,site_10,spring,80.0,DNA,5.0,10.0,96.0,1011.2370476751687,
840,site_10,spring,80.0,RNA,5.0,10.0,96.0,1072.1887459389645,
841,site_10,summer,20.0,DNA,1.0,24.0,59.0,443.347472222739,
842,site_10,summer,20.0,RNA,1.0,24.0,59.0,404.7581137218485,
843,site_10,summer,50.0,DNA,1.0,24.0,59.0,833.5667404388312,
844,site_10,summer,50.0,RNA,1.0,24.0,59.0,369.49378946710425,
845,site_10,summer,80.0,DNA,1.0,24.0,59.0,357.2493357501047,
846,site_10,summer,80.0,RNA,1.0,24.0,59.0,788.1333896624737,
847,site_10,summer,20.0,DNA,2.0,27.0,62.0,467.70453835538,
848,site_10,summer,20.0,RNA,2.0,27.0,62.0,-136.24572999666475,
849,site_10,summer,50.0,DNA,2.0,27.0,62.0,655.428911531059,
850,site_10,summer,50.0,RNA,2.0,27.0,62.0,837.112191347692,
851,site_10,summer,80.0,DNA,2.0,27.0,62.0,574.4213238150883,
852,site_10,summer,80.0,RNA,2.0,27.0,62.0,499.390942674526,
853,site_10,summer,20.0,DNA,3.0,31.0,54.0,779.7383701237799,
854,site_10,summer,20.0,RNA,3.0,31.0,54.0,107.35417435565205,
855,site_10,summer,50.0,DNA,3.0,31.0,54.0,52.351397751781064,
856,site_10,summer,50.0,RNA,3.0,31.0,54.0,622.8273245633341,
857,site_10,summer,80.0,DNA,3.0,31.0,54.0,651.2802740624361,
858,site_10,summer,80.0,RNA,3.0,31.0,54.0,646.9950626987452,
859,site_10,summer,20.0,DNA,4.0,28.0,65.0,580.3467048351881,
860,site_10,summer,20.0,RNA,4.0,28.0,65.0,-3.3746907870053633,
861,site_10,summer,50.0,DNA,4.0,28.0,65.0,643.937586322889,
862,site_10,summer,50.0,RNA,4.0,28.0,65.0,769.9573946129993,
863,site_10,summer,80.0,DNA,4.0,28.0,65.0,568.6600303270042,
864,site_10,summer,80.0,RNA,4.0,28.0,65.0,387.41633767278665,
865,site_10,summer,20.0,DNA,5.0,27.0,72.0,851.3455636148819,
866,site_10,summer,20.0,RNA,5.0,27.0,72.0,628.4142949792781,
867,site_10,summer,50.0,DNA,5.0,27.0,72.0,-80.00182734686746,
868,site_10,summer,50.0,RNA,5.0,27.0,72.0,16.30120781799741,
869,site_10,summer,80.0,DNA,5.0,27.0,72.0,775.4785892391114,
870,site_10,summer,80.0,RNA,5.0,27.0,72.0,521.5090319529276,
871,site_10,autumn,20.0,DNA,1.0,9.0,90.0,790.5329869535099,
872,site_10,autumn,20.0,RNA,1.0,9.0,90.0,629.4309639347955,
873,site_10,autumn,50.0,DNA,1.0,9.0,90.0,232.75469239574414,
874,site_10,autumn,50.0,RNA,1.0,9.0,90.0,1076.5246496306497,
875,site_10,autumn,80.0,DNA,1.0,9.0,90.0,415.45419931451517,
876,site_10,autumn,80.0,RNA,1.0,9.0,90.0,-162.19140172754317,
877,site_10,autumn,20.0,DNA,2.0,6.0,75.0,494.34347504032473,
878,site_10,autumn,20.0,RNA,2.0,6.0,75.0,630.0216661013887,
879,site_10,autumn,50.0,DNA,2.0,6.0,75.0,492.0006540593905,
880,site_10,autumn,50.0,RNA,2.0,6.0,75.0,468.10572312583474,
881,site_10,autumn,80.0,DNA,2.0,6.0,75.0,507.3173083937147,
882,site_10,autumn,80.0,RNA,2.0,6.0,75.0,1022.927498191863,
883,site_10,autumn,20.0,DNA,3.0,9.0,62.0,1031.2733220967357,
884,site_10,autumn,20.0,RNA,3.0,9.0,62.0,168.5040292956656,
885,site_10,autumn,50.0,DNA,3.0,9.0,62.0,644.7426618902408,
886,site_10,autumn,50.0,RNA,3.0,9.0,62.0,412.5147055685828,
887,site_10,autumn,80.0,DNA,3.0,9.0,62.0,820.5069980713647,
888,site_10,autumn,80.0,RNA,3.0,9.0,62.0,171.45833201737128,
889,site_10,autumn,20.0,DNA,4.0,5.0,75.0,643.7986782463825,
890,site_10,autumn,20.0,RNA,4.0,5.0,75.0,383.27021549095105,
891,site_10,autumn,50.0,DNA,4.0,5.0,75.0,595.7467311716159,
892,site_10,autumn,50.0,RNA,4.0,5.0,75.0,653.5051586929435,
893,site_10,autumn,80.0,DNA,4.0,5.0,75.0,788.2750996689538,
894,site_10,autumn,80.0,RNA,4.0,5.0,75.0,370.6520894082074,
895,site_10,autumn,20.0,DNA,5.0,8.0,67.0,912.1063288747165,
896,site_10,autumn,20.0,RNA,5.0,8.0,67.0,578.4649191414984,
897,site_10,autumn,50.0,DNA,5.0,8.0,67.0,981.8176253451272,
898,site_10,autumn,50.0,RNA,5.0,8.0,67.0,1020.8077854377285,
899,site_10,autumn,80.0,DNA,5.0,8.0,67.0,593.1834940642202,
900,site_10,autumn,80.0,RNA,5.0,8.0,67.0,632.7680772761042,
901,site_11,spring,20.0,DNA,1.0,9.0,56.0,168.61312709161484,
902,site_11,spring,20.0,RNA,1.0,9.0,56.0,567.2497541950809,
903,site_11,spring,50.0,DNA,1.0,9.0,56.0,212.01449192579815,
904,site_11,spring,50.0,RNA,1.0,9.0,56.0,371.4045585706135,
905,site_11,spring,80.0,DNA,1.0,9.0,56.0,1120.4461445392772,
906,site_11,spring,80.0,RNA,1.0,9.0,56.0,-30.61417980079409,
907,site_11,spring,20.0,DNA,2.0,12.0,64.0,492.3508087020377,
908,site_11,spring,20.0,RNA,2.0,12.0,64.0,188.97496282367655,
909,site_11,spring,50.0,DNA,2.0,12.0,64.0,906.4969999421968,
910,site_11,spring,50.0,RNA,2.0,12.0,64.0,463.050728138778,
911,site_11,spring,80.0,DNA,2.0,12.0,64.0,1272.66312149124,
912,site_11,spring,80.0,RNA,2.0,12.0,64.0,349.53362202340895,
913,site_11,spring,20.0,DNA,3.0,16.0,78.0,566.2150094179784,
914,site_11,spring,20.0,RNA,3.0,16.0,78.0,698.6562278052256,
915,site_11,spring,50.0,DNA,3.0,16.0,78.0,839.9225700358415,
916,site_11,spring,50.0,RNA,3.0,16.0,78.0,892.9508359798531,
917,site_11,spring,80.0,DNA,3.0,16.0,78.0,575.8478913161912,
918,site_11,spring,80.0,RNA,3.0,16.0,78.0,918.6933502004442,
919,site_11,spring,20.0,DNA,4.0,15.0,93.0,537.9379357415609,
920,site_11,spring,20.0,RNA,4.0,15.0,93.0,1356.7358207757602,
921,site_11,spring,50.0,DNA,4.0,15.0,93.0,25.618104589952168,
922,site_11,spring,50.0,RNA,4.0,15.0,93.0,216.6187839340467,
923,site_11,spring,80.0,DNA,4.0,15.0,93.0,536.6015072253515,
924,site_11,spring,80.0,RNA,4.0,15.0,93.0,134.79764080650517,
925,site_11,spring,20.0,DNA,5.0,14.0,92.0,297.5932630931315,
926,site_11,spring,20.0,RNA,5.0,14.0,92.0,910.7386408783063,
927,site_11,spring,50.0,DNA,5.0,14.0,92.0,-113.19489379400943,
928,site_11,spring,50.0,RNA,5.0,14.0,92.0,472.40588392574017,
929,site_11,spring,80.0,DNA,5.0,14.0,92.0,688.0298170465119,
930,site_11,spring,80.0,RNA,5.0,14.0,92.0,409.551570284338,
931,site_11,summer,20.0,DNA,1.0,18.0,67.0,851.4122983147797,
932,site_11,summer,20.0,RNA,1.0,18.0,67.0,145.67229385158413,
933,site_11,summer,50.0,DNA,1.0,18.0,67.0,692.426841850899,
934,site_11,summer,50.0,RNA,1.0,18.0,67.0,446.1434410695248,
935,site_11,summer,80.0,DNA,1.0,18.0,67.0,461.73182819364985,
936,site_11,summer,80.0,RNA,1.0,18.0,67.0,652.025356852604,
937,site_11,summer,20.0,DNA,2.0,21.0,70.0,819.5063074344649,
938,site_11,summer,20.0,RNA,2.0,21.0,70.0,58.02144031145076,
939,site_11,summer,50.0,DNA,2.0,21.0,70.0,296.0414399836315,
940,site_11,summer,50.0,RNA,2.0,21.0,70.0,1054.8074276718003,
941,site_11,summer,80.0,DNA,2.0,21.0,70.0,790.7024342698219,
942,site_11,summer,80.0,RNA,2.0,21.0,70.0,147.62714366789402,
943,site_11,summer,20.0,DNA,3.0,17.0,74.0,693.8395679597936,
944,site_11,summer,20.0,RNA,3.0,17.0,74.0,56.71466732137924,
945,site_11,summer,50.0,DNA,3.0,17.0,74.0,430.55451572198467,
946,site_11,summer,50.0,RNA,3.0,17.0,74.0,279.99650924830496,
947,site_11,summer,80.0,DNA,3.0,17.0,74.0,-204.51560324817706,
948,site_11,summer,80.0,RNA,3.0,17.0,74.0,412.03378800219446,
949,site_11,summer,20.0,DNA,4.0,20.0,86.0,536.3708194406942,
950,site_11,summer,20.0,RNA,4.0,20.0,86.0,493.36256377777596,
951,site_11,summer,50.0,DNA,4.0,20.0,86.0,164.97056650882752,
952,site_11,summer,50.0,RNA,4.0,20.0,86.0,752.0411101132495,
953,site_11,summer,80.0,DNA,4.0,20.0,86.0,-248.34323600093046,
954,site_11,summer,80.0,RNA,4.0,20.0,86.0,166.159344931558,
955,site_11,summer,20.0,DNA,5.0,22.0,99.0,115.68665669933938,
956,site_11,summer,20.0,RNA,5.0,22.0,99.0,917.1145460098761,
957,site_11,summer,50.0,DNA,5.0,22.0,99.0,653.349093039112,
958,site_11,summer,50.0,RNA,5.0,22.0,99.0,66.86954481737541,
959,site_11,summer,80.0,DNA,5.0,22.0,99.0,601.2646407321189,
960,site_11,summer,80.0,RNA,5.0,22.0,99.0,633.5746095144052,
961,site_11,autumn,20.0,DNA,1.0,20.0,98.0,837.7512007794378,
962,site_11,autumn,20.0,RNA,1.0,20.0,98.0,33.51622993319302,
963,site_11,autumn,50.0,DNA,1.0,20.0,98.0,352.716570024201,
964,site_11,autumn,50.0,RNA,1.0,20.0,98.0,1087.1623726624628,
965,site_11,autumn,80.0,DNA,1.0,20.0,98.0,556.2928641595818,
966,site_11,autumn,80.0,RNA,1.0,20.0,98.0,43.639644537809545,
967,site_11,autumn,20.0,DNA,2.0,17.0,112.0,356.7889677258046,
968,site_11,autumn,20.0,RNA,2.0,17.0,112.0,306.0269421568322,
969,site_11,autumn,50.0,DNA,2.0,17.0,112.0,706.7743918262448,
970,site_11,autumn,50.0,RNA,2.0,17.0,112.0,332.1345880684454,
971,site_11,autumn,80.0,DNA,2.0,17.0,112.0,50.7438879261515,
972,site_11,autumn,80.0,RNA,2.0,17.0,112.0,319.88144991804825,
973,site_11,autumn,20.0,DNA,3.0,13.0,117.0,541.6827611309964,
974,site_11,autumn,20.0,RNA,3.0,13.0,117.0,771.6370972633003,
975,site_11,autumn,50.0,DNA,3.0,13.0,117.0,121.68212869555288,
976,site_11,autumn,50.0,RNA,3.0,13.0,117.0,708.915047761909,
977,site_11,autumn,80.0,DNA,3.0,13.0,117.0,211.32377854060496,
978,site_11,autumn,80.0,RNA,3.0,13.0,117.0,536.861498729146,
979,site_11,autumn,20.0,DNA,4.0,17.0,126.0,392.33598635965865,
980,site_11,autumn,20.0,RNA,4.0,17.0,126.0,1250.6393659304579,
981,site_11,autumn,50.0,DNA,4.0,17.0,126.0,621.8941117054435,
982,site_11,autumn,50.0,RNA,4.0,17.0,126.0,389.46685051215184,
983,site_11,autumn,80.0,DNA,4.0,17.0,126.0,286.77626693599035,
984,site_11,autumn,80.0,RNA,4.0,17.0,126.0,288.4009464794978,
985,site_11,autumn,20.0,DNA,5.0,19.0,129.0,567.316911225664,
986,site_11,autumn,20.0,RNA,5.0,19.0,129.0,678.1022778604058,
987,site_11,autumn,50.0,DNA,5.0,19.0,129.0,626.7471097315623,
988,site_11,autumn,50.0,RNA,5.0,19.0,129.0,440.2162378625808,
989,site_11,autumn,80.0,DNA,5.0,19.0,129.0,381.843413521318,
990,site_11,autumn,80.0,RNA,5.0,19.0,129.0,451.42419675475116,
991,site_12,spring,20.0,DNA,1.0,6.0,95.0,-15.492895813277414,
992,site_12,spring,20.0,RNA,1.0,6.0,95.0,11.046436066290767,
993,site_12,spring,50.0,DNA,1.0,6.0,95.0,257.0254221336901,
994,site_12,spring,50.0,RNA,1.0,6.0,95.0,48.87096881130486,
995,site_12,spring,80.0,DNA,1.0,6.0,95.0,211.08630092851962,
996,site_12,spring,80.0,RNA,1.0,6.0,95.0,708.0554650083272,
997,site_12,spring,20.0,DNA,2.0,7.0,87.0,123.05011370772371,
998,site_12,spring,20.0,RNA,2.0,7.0,87.0,616.316809236596,
999,site_12,spring,50.0,DNA,2.0,7.0,87.0,472.8156746799675,
1000,site_12,spring,50.0,RNA,2.0,7.0,87.0,479.7518106128409,
1001,site_12,spring,80.0,DNA,2.0,7.0,87.0,600.2598537781157,
1002,site_12,spring,80.0,RNA,2.0,7.0,87.0,522.7873794770533,
1003,site_12,spring,20.0,DNA,3.0,6.0,93.0,545.2229534003094,
1004,site_12,spring,20.0,RNA,3.0,6.0,93.0,791.0678478125245,
1005,site_12,spring,50.0,DNA,3.0,6.0,93.0,368.5254521032781,
1006,site_12,spring,50.0,RNA,3.0,6.0,93.0,5.602003049421739,
1007,site_12,spring,80.0,DNA,3.0,6.0,93.0,384.02773215576315,
1008,site_12,spring,80.0,RNA,3.0,6.0,93.0,376.47965092691203,
1009,site_12,spring,20.0,DNA,4.0,6.0,98.0,1128.0652619696843,
1010,site_12,spring,20.0,RNA,4.0,6.0,98.0,826.2059222431305,
1011,site_12,spring,50.0,DNA,4.0,6.0,98.0,739.1353327599659,
1012,site_12,spring,50.0,RNA,4.0,6.0,98.0,105.7492186775624,
1013,site_12,spring,80.0,DNA,4.0,6.0,98.0,1083.8082321406205,
1014,site_12,spring,80.0,RNA,4.0,6.0,98.0,877.4344698785086,
1015,site_12,spring,20.0,DNA,5.0,10.0,113.0,-389.8230625270413,
1016,site_12,spring,20.0,RNA,5.0,10.0,113.0,432.15310619586796,
1017,site_12,spring,50.0,DNA,5.0,10.0,113.0,519.0531734415725,
1018,site_12,spring,50.0,RNA,5.0,10.0,113.0,499.9461174841536,
1019,site_12,spring,80.0,DNA,5.0,10.0,113.0,560.5557739379777,
1020,site_12,spring,80.0,RNA,5.0,10.0,113.0,502.75403684124774,
1021,site_12,summer,20.0,DNA,1.0,15.0,18.0,518.1177629461671,
1022,site_12,summer,20.0,RNA,1.0,15.0,18.0,88.30834276099631,
1023,site_12,summer,50.0,DNA,1.0,15.0,18.0,411.98960199019575,
1024,site_12,summer,50.0,RNA,1.0,15.0,18.0,530.7294859532191,
1025,site_12,summer,80.0,DNA,1.0,15.0,18.0,1257.7385705394731,
1026,site_12,summer,80.0,RNA,1.0,15.0,18.0,413.5536472995258,
1027,site_12,summer,20.0,DNA,2.0,19.0,26.0,115.17834282729393,
1028,site_12,summer,20.0,RNA,2.0,19.0,26.0,467.6275489065368,
1029,site_12,summer,50.0,DNA,2.0,19.0,26.0,151.93751444037645,
1030,site_12,summer,50.0,RNA,2.0,19.0,26.0,56.82790247679526,
1031,site_12,summer,80.0,DNA,2.0,19.0,26.0,506.82797570389187,
1032,site_12,summer,80.0,RNA,2.0,19.0,26.0,606.0518388489533,
1033,site_12,summer,20.0,DNA,3.0,22.0,14.0,547.9652373265438,
1034,site_12,summer,20.0,RNA,3.0,22.0,14.0,522.0334808795108,
1035,site_12,summer,50.0,DNA,3.0,22.0,14.0,662.8511124123768,
1036,site_12,summer,50.0,RNA,3.0,22.0,14.0,853.3649030567065,
1037,site_12,summer,80.0,DNA,3.0,22.0,14.0,319.789321176474,
1038,site_12,summer,80.0,RNA,3.0,22.0,14.0,741.1394467689536,
1039,site_12,summer,20.0,DNA,4.0,22.0,27.0,188.22227143982224,
1040,site_12,summer,20.0,RNA,4.0,22.0,27.0,870.9921544744055,
1041,site_12,summer,50.0,DNA,4.0,22.0,27.0,424.1722852113604,
1042,site_12,summer,50.0,RNA,4.0,22.0,27.0,165.7653390927827,
1043,site_12,summer,80.0,DNA,4.0,22.0,27.0,426.94973931627266,
1044,site_12,summer,80.0,RNA,4.0,22.0,27.0,562.5118353130117,
1045,site_12,summer,20.0,DNA,5.0,21.0,31.0,523.5523128522967,
1046,site_12,summer,20.0,RNA,5.0,21.0,31.0,457.32984737740054,
1047,site_12,summer,50.0,DNA,5.0,21.0,31.0,1002.7086982631815,
1048,site_12,summer,50.0,RNA,5.0,21.0,31.0,732.9472036856267,
1049,site_12,summer,80.0,DNA,5.0,21.0,31.0,820.3174538335763,
1050,site_12,summer,80.0,RNA,5.0,21.0,31.0,519.5643748318798,
1051,site_12,autumn,20.0,DNA,1.0,13.0,85.0,440.1753664401281,
1052,site_12,autumn,20.0,RNA,1.0,13.0,85.0,631.797246944479,
1053,site_12,autumn,50.0,DNA,1.0,13.0,85.0,189.09207574236086,
1054,site_12,autumn,50.0,RNA,1.0,13.0,85.0,557.8734787238633,
1055,site_12,autumn,80.0,DNA,1.0,13.0,85.0,660.7785856980773,
1056,site_12,autumn,80.0,RNA,1.0,13.0,85.0,663.5655931324809,
1057,site_12,autumn,20.0,DNA,2.0,13.0,82.0,463.2605379828746,
1058,site_12,autumn,20.0,RNA,2.0,13.0,82.0,730.8860677779329,
1059,site_12,autumn,50.0,DNA,2.0,13.0,82.0,819.849085086505,
1060,site_12,autumn,50.0,RNA,2.0,13.0,82.0,537.4700798471636,
1061,site_12,autumn,80.0,DNA,2.0,13.0,82.0,547.9031885765999,
1062,site_12,autumn,80.0,RNA,2.0,13.0,82.0,951.5270493551635,
1063,site_12,autumn,20.0,DNA,3.0,16.0,92.0,751.3127423564347,
1064,site_12,autumn,20.0,RNA,3.0,16.0,92.0,951.0255752418554,
1065,site_12,autumn,50.0,DNA,3.0,16.0,92.0,442.90850013722263,
1066,site_12,autumn,50.0,RNA,3.0,16.0,92.0,128.00412697241887,
1067,site_12,autumn,80.0,DNA,3.0,16.0,92.0,644.1499540682536,
1068,site_12,autumn,80.0,RNA,3.0,16.0,92.0,627.127754477597,
1069,site_12,autumn,20.0,DNA,4.0,13.0,81.0,735.7309400004441,
1070,site_12,autumn,20.0,RNA,4.0,13.0,81.0,176.35598226779143,
1071,site_12,autumn,50.0,DNA,4.0,13.0,81.0,662.7445119309498,
1072,site_12,autumn,50.0,RNA,4.0,13.0,81.0,881.7308068799944,
1073,site_12,autumn,80.0,DNA,4.0,13.0,81.0,19.831804196611415,
1074,site_12,autumn,80.0,RNA,4.0,13.0,81.0,406.54415875975894,
1075,site_12,autumn,20.0,DNA,5.0,17.0,82.0,600.3804561855845,
1076,site_12,autumn,20.0,RNA,5.0,17.0,82.0,178.54425681236722,
1077,site_12,autumn,50.0,DNA,5.0,17.0,82.0,309.98125025101444,
1078,site_12,autumn,50.0,RNA,5.0,17.0,82.0,356.4124315552443,
1079,site_12,autumn,80.0,DNA,5.0,17.0,82.0,585.4524101593377,
1080,site_12,autumn,80.0,RNA,5.0,17.0,82.0,130.13534074580042,
1081,site_13,spring,20.0,DNA,1.0,13.0,96.0,787.3952111533099,
1082,site_13,spring,20.0,RNA,1.0,13.0,96.0,747.9165195186831,
1083,site_13,spring,50.0,DNA,1.0,13.0,96.0,-243.4409325069762,
1084,site_13,spring,50.0,RNA,1.0,13.0,96.0,592.2626190158292,
1085,site_13,spring,80.0,DNA,1.0,13.0,96.0,762.2041092668327,
1086,site_13,spring,80.0,RNA,1.0,13.0,96.0,755.6116639308301,
1087,site_13,spring,20.0,DNA,2.0,14.0,83.0,858.1442521022584,
1088,site_13,spring,20.0,RNA,2.0,14.0,83.0,665.5011391515552,
1089,site_13,spring,50.0,DNA,2.0,14.0,83.0,514.4924426494106,
1090,site_13,spring,50.0,RNA,2.0,14.0,83.0,230.38799953736225,
1091,site_13,spring,80.0,DNA,2.0,14.0,83.0,367.94655632443437,
1092,site_13,spring,80.0,RNA,2.0,14.0,83.0,287.1504931816146,
1093,site_13,spring,20.0,DNA,3.0,13.0,86.0,311.5761014411149,
1094,site_13,spring,20.0,RNA,3.0,13.0,86.0,408.8853587430725,
1095,site_13,spring,50.0,DNA,3.0,13.0,86.0,496.8630691515858,
1096,site_13,spring,50.0,RNA,3.0,13.0,86.0,520.8283592984216,
1097,site_13,spring,80.0,DNA,3.0,13.0,86.0,1321.3812246157595,
1098,site_13,spring,80.0,RNA,3.0,13.0,86.0,1070.0205467209084,
1099,site_13,spring,20.0,DNA,4.0,11.0,75.0,518.1308587710087,
1100,site_13,spring,20.0,RNA,4.0,11.0,75.0,590.1805363520504,
1101,site_13,spring,50.0,DNA,4.0,11.0,75.0,73.16731553239504,
1102,site_13,spring,50.0,RNA,4.0,11.0,75.0,342.2889734349524,
1103,site_13,spring,80.0,DNA,4.0,11.0,75.0,563.2631164298442,
1104,site_13,spring,80.0,RNA,4.0,11.0,75.0,10.19751428633316,
1105,site_13,spring,20.0,DNA,5.0,15.0,81.0,373.88516745979615,
1106,site_13,spring,20.0,RNA,5.0,15.0,81.0,161.72691357824846,
1107,site_13,spring,50.0,DNA,5.0,15.0,81.0,289.99981733078357,
1108,site_13,spring,50.0,RNA,5.0,15.0,81.0,850.1288639974412,
1109,site_13,spring,80.0,DNA,5.0,15.0,81.0,682.4977168675869,
1110,site_13,spring,80.0,RNA,5.0,15.0,81.0,-150.2861081585918,
1111,site_13,summer,20.0,DNA,1.0,17.0,79.0,719.5592481639917,
1112,site_13,summer,20.0,RNA,1.0,17.0,79.0,467.96652121379253,
1113,site_13,summer,50.0,DNA,1.0,17.0,79.0,161.40620933015867,
1114,site_13,summer,50.0,RNA,1.0,17.0,79.0,602.9426229059784,
1115,site_13,summer,80.0,DNA,1.0,17.0,79.0,441.31070796799213,
1116,site_13,summer,80.0,RNA,1.0,17.0,79.0,581.080456635125,
1117,site_13,summer,20.0,DNA,2.0,17.0,77.0,437.2247363253219,
1118,site_13,summer,20.0,RNA,2.0,17.0,77.0,443.32713784532064,
1119,site_13,summer,50.0,DNA,2.0,17.0,77.0,336.15821288155394,
1120,site_13,summer,50.0,RNA,2.0,17.0,77.0,119.15174039453927,
1121,site_13,summer,80.0,DNA,2.0,17.0,77.0,241.18999377304982,
1122,site_13,summer,80.0,RNA,2.0,17.0,77.0,50.59919709660153,
1123,site_13,summer,20.0,DNA,3.0,20.0,69.0,988.439769221383,
1124,site_13,summer,20.0,RNA,3.0,20.0,69.0,101.85656231151205,
1125,site_13,summer,50.0,DNA,3.0,20.0,69.0,745.9198167777215,
1126,site_13,summer,50.0,RNA,3.0,20.0,69.0,496.55581670603493,
1127,site_13,summer,80.0,DNA,3.0,20.0,69.0,810.4456077404398,
1128,site_13,summer,80.0,RNA,3.0,20.0,69.0,491.67412643242557,
1129,site_13,summer,20.0,DNA,4.0,23.0,56.0,713.9711115516209,
1130,site_13,summer,20.0,RNA,4.0,23.0,56.0,596.3660639959062,
1131,site_13,summer,50.0,DNA,4.0,23.0,56.0,544.2275624670104,
1132,site_13,summer,50.0,RNA,4.0,23.0,56.0,365.7213264148437,
1133,site_13,summer,80.0,DNA,4.0,23.0,56.0,351.06021983686173,
1134,site_13,summer,80.0,RNA,4.0,23.0,56.0,795.2476567731936,
1135,site_13,summer,20.0,DNA,5.0,24.0,62.0,482.9255060392407,
1136,site_13,summer,20.0,RNA,5.0,24.0,62.0,718.7888543290819,
1137,site_13,summer,50.0,DNA,5.0,24.0,62.0,627.8263074873969,
1138,site_13,summer,50.0,RNA,5.0,24.0,62.0,879.0807270491889,
1139,site_13,summer,80.0,DNA,5.0,24.0,62.0,816.3928685535152,
1140,site_13,summer,80.0,RNA,5.0,24.0,62.0,336.4695294490991,
1141,site_13,autumn,20.0,DNA,1.0,7.0,78.0,487.9590139524998,
1142,site_13,autumn,20.0,RNA,1.0,7.0,78.0,566.6405553247707,
1143,site_13,autumn,50.0,DNA,1.0,7.0,78.0,844.6113414167,
1144,site_13,autumn,50.0,RNA,1.0,7.0,78.0,69.32145548411916,
1145,site_13,autumn,80.0,DNA,1.0,7.0,78.0,276.5891765902045,
1146,site_13,autumn,80.0,RNA,1.0,7.0,78.0,503.9700838820834,
1147,site_13,autumn,20.0,DNA,2.0,7.0,89.0,565.2467628162223,
1148,site_13,autumn,20.0,RNA,2.0,7.0,89.0,88.86591908595176,
1149,site_13,autumn,50.0,DNA,2.0,7.0,89.0,576.9964104542084,
1150,site_13,autumn,50.0,RNA,2.0,7.0,89.0,91.69103788775755,
1151,site_13,autumn,80.0,DNA,2.0,7.0,89.0,973.1890164601973,
1152,site_13,autumn,80.0,RNA,2.0,7.0,89.0,388.06312811538714,
1153,site_13,autumn,20.0,DNA,3.0,8.0,82.0,493.14496506124334,
1154,site_13,autumn,20.0,RNA,3.0,8.0,82.0,694.0391781594974,
1155,site_13,autumn,50.0,DNA,3.0,8.0,82.0,705.4508836968373,
1156,site_13,autumn,50.0,RNA,3.0,8.0,82.0,810.8453225971741,
1157,site_13,autumn,80.0,DNA,3.0,8.0,82.0,1169.6226845604247,
1158,site_13,autumn,80.0,RNA,3.0,8.0,82.0,858.0762809376837,
1159,site_13,autumn,20.0,DNA,4.0,8.0,94.0,572.7234922797809,
1160,site_13,autumn,20.0,RNA,4.0,8.0,94.0,383.22857000282266,
1161,site_13,autumn,50.0,DNA,4.0,8.0,94.0,718.2388368178149,
1162,site_13,autumn,50.0,RNA,4.0,8.0,94.0,631.1691122063221,
1163,site_13,autumn,80.0,DNA,4.0,8.0,94.0,598.2196082337266,
1164,site_13,autumn,80.0,RNA,4.0,8.0,94.0,430.83296369222705,
1165,site_13,autumn,20.0,DNA,5.0,10.0,96.0,369.86544905697144,
1166,site_13,autumn,20.0,RNA,5.0,10.0,96.0,381.5815134536989,
1167,site_13,autumn,50.0,DNA,5.0,10.0,96.0,549.6196394894991,
1168,site_13,autumn,50.0,RNA,5.0,10.0,96.0,666.2998687070167,
1169,site_13,autumn,80.0,DNA,5.0,10.0,96.0,519.6200438212459,
1170,site_13,autumn,80.0,RNA,5.0,10.0,96.0,703.5416068840675,
1171,site_14,spring,20.0,DNA,1.0,7.0,107.0,407.7037574167356,
1172,site_14,spring,20.0,RNA,1.0,7.0,107.0,317.8196639389833,
1173,site_14,spring,50.0,DNA,1.0,7.0,107.0,989.0725349462334,
1174,site_14,spring,50.0,RNA,1.0,7.0,107.0,765.0423551130712,
1175,site_14,spring,80.0,DNA,1.0,7.0,107.0,828.297131611273,
1176,site_14,spring,80.0,RNA,1.0,7.0,107.0,582.1418603488576,
1177,site_14,spring,20.0,DNA,2.0,7.0,100.0,734.7145796783088,
1178,site_14,spring,20.0,RNA,2.0,7.0,100.0,589.7597940438178,
1179,site_14,spring,50.0,DNA,2.0,7.0,100.0,905.7166045088711,
1180,site_14,spring,50.0,RNA,2.0,7.0,100.0,429.3227548370815,
1181,site_14,spring,80.0,DNA,2.0,7.0,100.0,198.92933071326183,
1182,site_14,spring,80.0,RNA,2.0,7.0,100.0,950.9003690022031,
1183,site_14,spring,20.0,DNA,3.0,8.0,98.0,246.0028202688636,
1184,site_14,spring,20.0,RNA,3.0,8.0,98.0,420.931113052729,
1185,site_14,spring,50.0,DNA,3.0,8.0,98.0,783.9620275201496,
1186,site_14,spring,50.0,RNA,3.0,8.0,98.0,804.930868669505,
1187,site_14,spring,80.0,DNA,3.0,8.0,98.0,1114.7631207089498,
1188,site_14,spring,80.0,RNA,3.0,8.0,98.0,539.7891671353677,
1189,site_14,spring,20.0,DNA,4.0,7.0,98.0,363.3385043304345,
1190,site_14,spring,20.0,RNA,4.0,7.0,98.0,766.3430761428604,
1191,site_14,spring,50.0,DNA,4.0,7.0,98.0,509.809415552784,
1192,site_14,spring,50.0,RNA,4.0,7.0,98.0,753.5524324781247,
1193,site_14,spring,80.0,DNA,4.0,7.0,98.0,736.4855855134203,
1194,site_14,spring,80.0,RNA,4.0,7.0,98.0,366.0075460350702,
1195,site_14,spring,20.0,DNA,5.0,7.0,98.0,919.6191553634787,
1196,site_14,spring,20.0,RNA,5.0,7.0,98.0,72.12001626658264,
1197,site_14,spring,50.0,DNA,5.0,7.0,98.0,-62.32719663327464,
1198,site_14,spring,50.0,RNA,5.0,7.0,98.0,932.5409343467007,
1199,site_14,spring,80.0,DNA,5.0,7.0,98.0,921.7496198197705,
1200,site_14,spring,80.0,RNA,5.0,7.0,98.0,88.01096149724867,
1201,site_14,summer,20.0,DNA,1.0,34.0,16.0,485.29618248287176,
1202,site_14,summer,20.0,RNA,1.0,34.0,16.0,600.4875516854113,
1203,site_14,summer,50.0,DNA,1.0,34.0,16.0,923.6639783061294,
1204,site_14,summer,50.0,RNA,1.0,34.0,16.0,633.0977878765125,
1205,site_14,summer,80.0,DNA,1.0,34.0,16.0,760.3475700585599,
1206,site_14,summer,80.0,RNA,1.0,34.0,16.0,495.70602820134405,
1207,site_14,summer,20.0,DNA,2.0,37.0,30.0,924.1524666120476,
1208,site_14,summer,20.0,RNA,2.0,37.0,30.0,593.1917721007337,
1209,site_14,summer,50.0,DNA,2.0,37.0,30.0,350.00799368486264,
1210,site_14,summer,50.0,RNA,2.0,37.0,30.0,306.62236564638204,
1211,site_14,summer,80.0,DNA,2.0,37.0,30.0,64.8093195055896,
1212,site_14,summer,80.0,RNA,2.0,37.0,30.0,725.8601729419258,
1213,site_14,summer,20.0,DNA,3.0,39.0,24.0,380.2922551960837,
1214,site_14,summer,20.0,RNA,3.0,39.0,24.0,587.1669064464663,
1215,site_14,summer,50.0,DNA,3.0,39.0,24.0,299.1238497713135,
1216,site_14,summer,50.0,RNA,3.0,39.0,24.0,922.7607021044114,
1217,site_14,summer,80.0,DNA,3.0,39.0,24.0,847.9420794565249,
1218,site_14,summer,80.0,RNA,3.0,39.0,24.0,684.3561469733932,
1219,site_14,summer,20.0,DNA,4.0,43.0,19.0,360.7337891076619,
1220,site_14,summer,20.0,RNA,4.0,43.0,19.0,408.5971968424681,
1221,site_14,summer,50.0,DNA,4.0,43.0,19.0,774.4375067434178,
1222,site_14,summer,50.0,RNA,4.0,43.0,19.0,710.9006931561779,
1223,site_14,summer,80.0,DNA,4.0,43.0,19.0,341.08060066587575,
1224,site_14,summer,80.0,RNA,4.0,43.0,19.0,907.3520525193735,
1225,site_14,summer,20.0,DNA,5.0,39.0,22.0,246.85398712036184,
1226,site_14,summer,20.0,RNA,5.0,39.0,22.0,-247.9103257988096,
1227,site_14,summer,50.0,DNA,5.0,39.0,22.0,1056.424796020178,
1228,site_14,summer,50.0,RNA,5.0,39.0,22.0,577.5043554629428,
1229,site_14,summer,80.0,DNA,5.0,39.0,22.0,223.88552231266408,
1230,site_14,summer,80.0,RNA,5.0,39.0,22.0,561.2480007186559,
1231,site_14,autumn,20.0,DNA,1.0,19.0,54.0,1004.8762819786032,
1232,site_14,autumn,20.0,RNA,1.0,19.0,54.0,-30.386092725193407,
1233,site_14,autumn,50.0,DNA,1.0,19.0,54.0,310.1433891569254,
1234,site_14,autumn,50.0,RNA,1.0,19.0,54.0,789.4656981331068,
1235,site_14,autumn,80.0,DNA,1.0,19.0,54.0,290.6763625632275,
1236,site_14,autumn,80.0,RNA,1.0,19.0,54.0,693.45523867634,
1237,site_14,autumn,20.0,DNA,2.0,16.0,58.0,900.8250849502633,
1238,site_14,autumn,20.0,RNA,2.0,16.0,58.0,340.0760666409467,
1239,site_14,autumn,50.0,DNA,2.0,16.0,58.0,230.86276336038054,
1240,site_14,autumn,50.0,RNA,2.0,16.0,58.0,483.03583237122933,
1241,site_14,autumn,80.0,DNA,2.0,16.0,58.0,379.9878062814927,
1242,site_14,autumn,80.0,RNA,2.0,16.0,58.0,-306.56170905086196,
1243,site_14,autumn,20.0,DNA,3.0,18.0,54.0,587.36313288837,
1244,site_14,autumn,20.0,RNA,3.0,18.0,54.0,522.1863341629686,
1245,site_14,autumn,50.0,DNA,3.0,18.0,54.0,108.70243661755171,
1246,site_14,autumn,50.0,RNA,3.0,18.0,54.0,721.5591061101585,
1247,site_14,autumn,80.0,DNA,3.0,18.0,54.0,18.73744446429481,
1248,site_14,autumn,80.0,RNA,3.0,18.0,54.0,142.91502057166372,
1249,site_14,autumn,20.0,DNA,4.0,15.0,58.0,856.4592157299256,
1250,site_14,autumn,20.0,RNA,4.0,15.0,58.0,171.21900460437416,
1251,site_14,autumn,50.0,DNA,4.0,15.0,58.0,435.91621287906713,
1252,site_14,autumn,50.0,RNA,4.0,15.0,58.0,853.3892343527466,
1253,site_14,autumn,80.0,DNA,4.0,15.0,58.0,420.39575529221656,
1254,site_14,autumn,80.0,RNA,4.0,15.0,58.0,652.6611625489745,
1255,site_14,autumn,20.0,DNA,5.0,18.0,73.0,686.9951004760665,
1256,site_14,autumn,20.0,RNA,5.0,18.0,73.0,320.20215009515806,
1257,site_14,autumn,50.0,DNA,5.0,18.0,73.0,283.55099620725974,
1258,site_14,autumn,50.0,RNA,5.0,18.0,73.0,713.0606919390821,
1259,site_14,autumn,80.0,DNA,5.0,18.0,73.0,262.33178568460494,
1260,site_14,autumn,80.0,RNA,5.0,18.0,73.0,1154.71500081646,
1261,site_15,spring,20.0,DNA,1.0,12.0,18.0,990.6811584331642,
1262,site_15,spring,20.0,RNA,1.0,12.0,18.0,-7.831095603547794,
1263,site_15,spring,50.0,DNA,1.0,12.0,18.0,616.5559992267714,
1264,site_15,spring,50.0,RNA,1.0,12.0,18.0,580.4650150929984,
1265,site_15,spring,80.0,DNA,1.0,12.0,18.0,712.8680338524765,
1266,site_15,spring,80.0,RNA,1.0,12.0,18.0,945.6896759992065,
1267,site_15,spring,20.0,DNA,2.0,13.0,12.0,682.1345497101423,
1268,site_15,spring,20.0,RNA,2.0,13.0,12.0,407.5815539666692,
1269,site_15,spring,50.0,DNA,2.0,13.0,12.0,179.80824566020885,
1270,site_15,spring,50.0,RNA,2.0,13.0,12.0,513.9391090891451,
1271,site_15,spring,80.0,DNA,2.0,13.0,12.0,868.1475591508197,
1272,site_15,spring,80.0,RNA,2.0,13.0,12.0,-27.185425042178167,
1273,site_15,spring,20.0,DNA,3.0,12.0,14.0,588.0079845628104,
1274,site_15,spring,20.0,RNA,3.0,12.0,14.0,580.2392886911265,
1275,site_15,spring,50.0,DNA,3.0,12.0,14.0,323.1695663806781,
1276,site_15,spring,50.0,RNA,3.0,12.0,14.0,948.35684890332,
1277,site_15,spring,80.0,DNA,3.0,12.0,14.0,517.5167100755349,
1278,site_15,spring,80.0,RNA,3.0,12.0,14.0,331.3663284030928,
1279,site_15,spring,20.0,DNA,4.0,9.0,7.0,901.449124292175,
1280,site_15,spring,20.0,RNA,4.0,9.0,7.0,111.53382854478792,
1281,site_15,spring,50.0,DNA,4.0,9.0,7.0,557.9153190208953,
1282,site_15,spring,50.0,RNA,4.0,9.0,7.0,761.5766256638199,
1283,site_15,spring,80.0,DNA,4.0,9.0,7.0,545.4165079352115,
1284,site_15,spring,80.0,RNA,4.0,9.0,7.0,901.4373492386143,
1285,site_15,spring,20.0,DNA,5.0,13.0,22.0,773.9108408049945,
1286,site_15,spring,20.0,RNA,5.0,13.0,22.0,405.50233658018146,
1287,site_15,spring,50.0,DNA,5.0,13.0,22.0,639.970864822687,
1288,site_15,spring,50.0,RNA,5.0,13.0,22.0,650.8651968617296,
1289,site_15,spring,80.0,DNA,5.0,13.0,22.0,373.7937483918925,
1290,site_15,spring,80.0,RNA,5.0,13.0,22.0,700.3841124695361,
1291,site_15,summer,20.0,DNA,1.0,15.0,98.0,539.5232878076921,
1292,site_15,summer,20.0,RNA,1.0,15.0,98.0,599.5077000412639,
1293,site_15,summer,50.0,DNA,1.0,15.0,98.0,374.360812929345,
1294,site_15,summer,50.0,RNA,1.0,15.0,98.0,202.51551503859196,
1295,site_15,summer,80.0,DNA,1.0,15.0,98.0,772.0271191304057,
1296,site_15,summer,80.0,RNA,1.0,15.0,98.0,734.9340081395378,
1297,site_15,summer,20.0,DNA,2.0,16.0,89.0,615.7857205460444,
1298,site_15,summer,20.0,RNA,2.0,16.0,89.0,575.6376310902563,
1299,site_15,summer,50.0,DNA,2.0,16.0,89.0,406.1329776765199,Wysoki współczynnik bytności ludzkiej
1300,site_15,summer,50.0,RNA,2.0,16.0,89.0,508.2237680798407,Wysoki współczynnik bytności ludzkiej
1301,site_15,summer,80.0,DNA,2.0,16.0,89.0,370.4452111262264,Wysoki współczynnik bytności ludzkiej
1302,site_15,summer,80.0,RNA,2.0,16.0,89.0,490.3037233135897,Wysoki współczynnik bytności ludzkiej
1303,site_15,summer,20.0,DNA,3.0,15.0,80.0,156.5996750323473,
1304,site_15,summer,20.0,RNA,3.0,15.0,80.0,473.16165160981166,
1305,site_15,summer,50.0,DNA,3.0,15.0,80.0,180.9911114556553,
1306,site_15,summer,50.0,RNA,3.0,15.0,80.0,17.88769698566142,
1307,site_15,summer,80.0,DNA,3.0,15.0,80.0,641.7909822848374,
1308,site_15,summer,80.0,RNA,3.0,15.0,80.0,820.3048416458464,
1309,site_15,summer,20.0,DNA,4.0,12.0,94.0,299.26000943383417,
1310,site_15,summer,20.0,RNA,4.0,12.0,94.0,492.19789513035056,
1311,site_15,summer,50.0,DNA,4.0,12.0,94.0,-75.23346020812801,
1312,site_15,summer,50.0,RNA,4.0,12.0,94.0,493.00227646638587,
1313,site_15,summer,80.0,DNA,4.0,12.0,94.0,527.054956416242,
1314,site_15,summer,80.0,RNA,4.0,12.0,94.0,875.596150912351,
1315,site_15,summer,20.0,DNA,5.0,10.0,97.0,631.7992538829221,
1316,site_15,summer,20.0,RNA,5.0,10.0,97.0,680.6840776550873,
1317,site_15,summer,50.0,DNA,5.0,10.0,97.0,-135.1396208012901,
1318,site_15,summer,50.0,RNA,5.0,10.0,97.0,791.6007105888123,
1319,site_15,summer,80.0,DNA,5.0,10.0,97.0,389.6195081768704,
1320,site_15,summer,80.0,RNA,5.0,10.0,97.0,221.89185329511878,
1321,site_15,autumn,20.0,DNA,1.0,17.0,56.0,382.35352715559463,
1322,site_15,autumn,20.0,RNA,1.0,17.0,56.0,760.925502709262,
1323,site_15,autumn,50.0,DNA,1.0,17.0,56.0,131.71361627180818,
1324,site_15,autumn,50.0,RNA,1.0,17.0,56.0,500.4133906011687,
1325,site_15,autumn,80.0,DNA,1.0,17.0,56.0,77.58029015254215,
1326,site_15,autumn,80.0,RNA,1.0,17.0,56.0,166.29265131034293,
1327,site_15,autumn,20.0,DNA,2.0,19.0,45.0,340.4299053137759,Wysoki współczynnik bytności ludzkiej
1328,site_15,autumn,20.0,RNA,2.0,19.0,45.0,429.7519469972259,Wysoki współczynnik bytności ludzkiej
1329,site_15,autumn,50.0,DNA,2.0,19.0,45.0,474.83285652211964,
1330,site_15,autumn,50.0,RNA,2.0,19.0,45.0,243.29715046723487,
1331,site_15,autumn,80.0,DNA,2.0,19.0,45.0,422.36035832612515,
1332,site_15,autumn,80.0,RNA,2.0,19.0,45.0,655.4455413637126,
1333,site_15,autumn,20.0,DNA,3.0,20.0,40.0,582.1981039715489,
1334,site_15,autumn,20.0,RNA,3.0,20.0,40.0,520.2523111108153,
1335,site_15,autumn,50.0,DNA,3.0,20.0,40.0,611.7900821453694,
1336,site_15,autumn,50.0,RNA,3.0,20.0,40.0,-117.7768143722808,
1337,site_15,autumn,80.0,DNA,3.0,20.0,40.0,869.7716349546829,
1338,site_15,autumn,80.0,RNA,3.0,20.0,40.0,568.5659718468557,
1339,site_15,autumn,20.0,DNA,4.0,20.0,44.0,232.8426811477297,
1340,site_15,autumn,20.0,RNA,4.0,20.0,44.0,528.5654859658092,
1341,site_15,autumn,50.0,DNA,4.0,20.0,44.0,573.6769722252984,
1342,site_15,autumn,50.0,RNA,4.0,20.0,44.0,18.50362490846959,
1343,site_15,autumn,80.0,DNA,4.0,20.0,44.0,612.3259790932378,
1344,site_15,autumn,80.0,RNA,4.0,20.0,44.0,284.8368323236314,
1345,site_15,autumn,20.0,DNA,5.0,22.0,43.0,436.1579038582005,
1346,site_15,autumn,20.0,RNA,5.0,22.0,43.0,808.4587884363991,
1347,site_15,autumn,50.0,DNA,5.0,22.0,43.0,605.6463027488202,
1348,site_15,autumn,50.0,RNA,5.0,22.0,43.0,542.1256235080522,
1349,site_15,autumn,80.0,DNA,5.0,22.0,43.0,487.94196391740985,
1350,site_15,autumn,80.0,RNA,5.0,22.0,43.0,437.0305689243264,
1351,site_16,spring,20.0,DNA,1.0,10.0,45.0,79.96248419410483,
1352,site_16,spring,20.0,RNA,1.0,10.0,45.0,141.4137584204385,
1353,site_16,spring,50.0,DNA,1.0,10.0,45.0,369.1728778329511,
1354,site_16,spring,50.0,RNA,1.0,10.0,45.0,735.7081901110819,
1355,site_16,spring,80.0,DNA,1.0,10.0,45.0,960.8774017984324,
1356,site_16,spring,80.0,RNA,1.0,10.0,45.0,413.4376448518337,
1357,site_16,spring,20.0,DNA,2.0,6.0,38.0,453.0203203493178,
1358,site_16,spring,20.0,RNA,2.0,6.0,38.0,56.99159423023241,
1359,site_16,spring,50.0,DNA,2.0,6.0,38.0,555.7598712929013,
1360,site_16,spring,50.0,RNA,2.0,6.0,38.0,379.3506025082661,
1361,site_16,spring,80.0,DNA,2.0,6.0,38.0,288.30235552075044,
1362,site_16,spring,80.0,RNA,2.0,6.0,38.0,858.9542604406729,
1363,site_16,spring,20.0,DNA,3.0,3.0,32.0,130.31436934621718,
1364,site_16,spring,20.0,RNA,3.0,3.0,32.0,951.5257898706353,
1365,site_16,spring,50.0,DNA,3.0,3.0,32.0,68.31209838097408,
1366,site_16,spring,50.0,RNA,3.0,3.0,32.0,360.40542137362377,
1367,site_16,spring,80.0,DNA,3.0,3.0,32.0,163.81881793926493,
1368,site_16,spring,80.0,RNA,3.0,3.0,32.0,327.83679071218876,
1369,site_16,spring,20.0,DNA,4.0,6.0,17.0,853.7820227021459,
1370,site_16,spring,20.0,RNA,4.0,6.0,17.0,689.3609223452053,
1371,site_16,spring,50.0,DNA,4.0,6.0,17.0,418.61255674527877,
1372,site_16,spring,50.0,RNA,4.0,6.0,17.0,536.1972419942161,
1373,site_16,spring,80.0,DNA,4.0,6.0,17.0,630.0619445236314,
1374,site_16,spring,80.0,RNA,4.0,6.0,17.0,68.64236489071925,
1375,site_16,spring,20.0,DNA,5.0,9.0,4.0,492.14666404675336,
1376,site_16,spring,20.0,RNA,5.0,9.0,4.0,416.37587076291476,
1377,site_16,spring,50.0,DNA,5.0,9.0,4.0,1012.7573473384142,
1378,site_16,spring,50.0,RNA,5.0,9.0,4.0,284.7392883838834,
1379,site_16,spring,80.0,DNA,5.0,9.0,4.0,740.9014299601852,
1380,site_16,spring,80.0,RNA,5.0,9.0,4.0,763.9241460798075,
1381,site_16,summer,20.0,DNA,1.0,24.0,37.0,-54.35348623219875,
1382,site_16,summer,20.0,RNA,1.0,24.0,37.0,427.4415831690468,
1383,site_16,summer,50.0,DNA,1.0,24.0,37.0,557.4556905740502,
1384,site_16,summer,50.0,RNA,1.0,24.0,37.0,498.46847435285605,
1385,site_16,summer,80.0,DNA,1.0,24.0,37.0,581.6628183497913,
1386,site_16,summer,80.0,RNA,1.0,24.0,37.0,713.3500480204815,
1387,site_16,summer,20.0,DNA,2.0,21.0,47.0,486.9584341771569,
1388,site_16,summer,20.0,RNA,2.0,21.0,47.0,63.43993537128705,
1389,site_16,summer,50.0,DNA,2.0,21.0,47.0,718.7355451908376,
1390,site_16,summer,50.0,RNA,2.0,21.0,47.0,201.92903584440768,
1391,site_16,summer,80.0,DNA,2.0,21.0,47.0,546.3332565569498,
1392,site_16,summer,80.0,RNA,2.0,21.0,47.0,228.39599917152225,
1393,site_16,summer,20.0,DNA,3.0,22.0,62.0,519.6448937563706,
1394,site_16,summer,20.0,RNA,3.0,22.0,62.0,411.0906777985371,
1395,site_16,summer,50.0,DNA,3.0,22.0,62.0,607.2594841923453,
1396,site_16,summer,50.0,RNA,3.0,22.0,62.0,792.2483227559724,
1397,site_16,summer,80.0,DNA,3.0,22.0,62.0,-3.5284978250539893,
1398,site_16,summer,80.0,RNA,3.0,22.0,62.0,959.4143102350351,
1399,site_16,summer,20.0,DNA,4.0,19.0,73.0,686.7185163018668,
1400,site_16,summer,20.0,RNA,4.0,19.0,73.0,949.1712044128683,
1401,site_16,summer,50.0,DNA,4.0,19.0,73.0,437.5699827322835,
1402,site_16,summer,50.0,RNA,4.0,19.0,73.0,208.4306094326821,
1403,site_16,summer,80.0,DNA,4.0,19.0,73.0,448.0812114946587,
1404,site_16,summer,80.0,RNA,4.0,19.0,73.0,920.6400345478406,
1405,site_16,summer,20.0,DNA,5.0,16.0,87.0,513.3984606951614,
1406,site_16,summer,20.0,RNA,5.0,16.0,87.0,65.81343291726046,
1407,site_16,summer,50.0,DNA,5.0,16.0,87.0,609.5881339890816,
1408,site_16,summer,50.0,RNA,5.0,16.0,87.0,502.7983950106471,
1409,site_16,summer,80.0,DNA,5.0,16.0,87.0,865.7710185986805,
1410,site_16,summer,80.0,RNA,5.0,16.0,87.0,472.751912443125,
1411,site_16,autumn,20.0,DNA,1.0,19.0,59.0,645.408882122852,
1412,site_16,autumn,20.0,RNA,1.0,19.0,59.0,-63.22380324284882,
1413,site_16,autumn,50.0,DNA,1.0,19.0,59.0,21.719144835488407,
1414,site_16,autumn,50.0,RNA,1.0,19.0,59.0,303.55389470490195,
1415,site_16,autumn,80.0,DNA,1.0,19.0,59.0,638.3282262203106,
1416,site_16,autumn,80.0,RNA,1.0,19.0,59.0,667.3491352761231,
1417,site_16,autumn,20.0,DNA,2.0,17.0,53.0,476.2274051519005,
1418,site_16,autumn,20.0,RNA,2.0,17.0,53.0,585.6545357020136,
1419,site_16,autumn,50.0,DNA,2.0,17.0,53.0,540.6406660895008,
1420,site_16,autumn,50.0,RNA,2.0,17.0,53.0,255.6460682542391,
1421,site_16,autumn,80.0,DNA,2.0,17.0,53.0,1052.894102035633,
1422,site_16,autumn,80.0,RNA,2.0,17.0,53.0,859.4162827934713,
1423,site_16,autumn,20.0,DNA,3.0,15.0,58.0,533.895053061443,
1424,site_16,autumn,20.0,RNA,3.0,15.0,58.0,525.7240493461352,
1425,site_16,autumn,50.0,DNA,3.0,15.0,58.0,939.6904354094738,
1426,site_16,autumn,50.0,RNA,3.0,15.0,58.0,1186.780261689773,
1427,site_16,autumn,80.0,DNA,3.0,15.0,58.0,998.4490893605466,
1428,site_16,autumn,80.0,RNA,3.0,15.0,58.0,343.1426527520915,
1429,site_16,autumn,20.0,DNA,4.0,16.0,57.0,503.4793244654966,
1430,site_16,autumn,20.0,RNA,4.0,16.0,57.0,19.37647986441459,
1431,site_16,autumn,50.0,DNA,4.0,16.0,57.0,523.4970772954136,
1432,site_16,autumn,50.0,RNA,4.0,16.0,57.0,751.4433385562961,
1433,site_16,autumn,80.0,DNA,4.0,16.0,57.0,482.9762877780049,
1434,site_16,autumn,80.0,RNA,4.0,16.0,57.0,536.4694418868116,
1435,site_16,autumn,20.0,DNA,5.0,20.0,70.0,398.261627370438,
1436,site_16,autumn,20.0,RNA,5.0,20.0,70.0,-112.1538694532785,
1437,site_16,autumn,50.0,DNA,5.0,20.0,70.0,759.2210102921259,
1438,site_16,autumn,50.0,RNA,5.0,20.0,70.0,247.96215941315498,
1439,site_16,autumn,80.0,DNA,5.0,20.0,70.0,238.7414361980662,
1440,site_16,autumn,80.0,RNA,5.0,20.0,70.0,310.59293169978525,
1441,site_17,spring,20.0,DNA,1.0,16.0,55.0,181.08361233968725,
1442,site_17,spring,20.0,RNA,1.0,16.0,55.0,433.98564386415063,
1443,site_17,spring,50.0,DNA,1.0,16.0,55.0,219.84065667273012,
1444,site_17,spring,50.0,RNA,1.0,16.0,55.0,813.5540468116843,
1445,site_17,spring,80.0,DNA,1.0,16.0,55.0,1014.6674389043975,
1446,site_17,spring,80.0,RNA,1.0,16.0,55.0,388.22686539995544,
1447,site_17,spring,20.0,DNA,2.0,18.0,70.0,743.2837568470886,
1448,site_17,spring,20.0,RNA,2.0,18.0,70.0,231.07971304754864,
1449,site_17,spring,50.0,DNA,2.0,18.0,70.0,783.9946952556252,
1450,site_17,spring,50.0,RNA,2.0,18.0,70.0,959.6204734051439,
1451,site_17,spring,80.0,DNA,2.0,18.0,70.0,127.91612560836592,
1452,site_17,spring,80.0,RNA,2.0,18.0,70.0,342.3828312139712,
1453,site_17,spring,20.0,DNA,3.0,20.0,79.0,670.4200021936376,
1454,site_17,spring,20.0,RNA,3.0,20.0,79.0,260.1360375672217,
1455,site_17,spring,50.0,DNA,3.0,20.0,79.0,549.3619421510707,
1456,site_17,spring,50.0,RNA,3.0,20.0,79.0,753.9311350025773,
1457,site_17,spring,80.0,DNA,3.0,20.0,79.0,776.1670302791943,
1458,site_17,spring,80.0,RNA,3.0,20.0,79.0,888.7885401529618,
1459,site_17,spring,20.0,DNA,4.0,21.0,90.0,577.6406248145843,
1460,site_17,spring,20.0,RNA,4.0,21.0,90.0,255.91185505569646,
1461,site_17,spring,50.0,DNA,4.0,21.0,90.0,678.2387183919749,
1462,site_17,spring,50.0,RNA,4.0,21.0,90.0,674.1659645918694,
1463,site_17,spring,80.0,DNA,4.0,21.0,90.0,465.1450444853581,
1464,site_17,spring,80.0,RNA,4.0,21.0,90.0,663.7266968390977,
1465,site_17,spring,20.0,DNA,5.0,18.0,93.0,797.205688684799,
1466,site_17,spring,20.0,RNA,5.0,18.0,93.0,1028.9188202601113,
1467,site_17,spring,50.0,DNA,5.0,18.0,93.0,539.0642342795462,
1468,site_17,spring,50.0,RNA,5.0,18.0,93.0,662.1378250500655,
1469,site_17,spring,80.0,DNA,5.0,18.0,93.0,860.3082770206354,
1470,site_17,spring,80.0,RNA,5.0,18.0,93.0,1202.9539806432617,
1471,site_17,summer,20.0,DNA,1.0,36.0,46.0,667.3595549986848,
1472,site_17,summer,20.0,RNA,1.0,36.0,46.0,604.6571093798814,
1473,site_17,summer,50.0,DNA,1.0,36.0,46.0,264.9052575008651,
1474,site_17,summer,50.0,RNA,1.0,36.0,46.0,835.3388908886631,
1475,site_17,summer,80.0,DNA,1.0,36.0,46.0,737.6591288443625,
1476,site_17,summer,80.0,RNA,1.0,36.0,46.0,452.43664538108465,
1477,site_17,summer,20.0,DNA,2.0,36.0,49.0,672.4125703321872,
1478,site_17,summer,20.0,RNA,2.0,36.0,49.0,366.4333949098751,
1479,site_17,summer,50.0,DNA,2.0,36.0,49.0,-300.43656519283684,
1480,site_17,summer,50.0,RNA,2.0,36.0,49.0,553.141194556243,
1481,site_17,summer,80.0,DNA,2.0,36.0,49.0,674.7779261862047,
1482,site_17,summer,80.0,RNA,2.0,36.0,49.0,4.310023394344853,
1483,site_17,summer,20.0,DNA,3.0,39.0,47.0,667.1818742953969,
1484,site_17,summer,20.0,RNA,3.0,39.0,47.0,-162.94674077771015,
1485,site_17,summer,50.0,DNA,3.0,39.0,47.0,118.38857877134717,
1486,site_17,summer,50.0,RNA,3.0,39.0,47.0,-76.44730487512311,
1487,site_17,summer,80.0,DNA,3.0,39.0,47.0,369.291954346377,
1488,site_17,summer,80.0,RNA,3.0,39.0,47.0,487.8359070279817,
1489,site_17,summer,20.0,DNA,4.0,42.0,54.0,716.4270094527521,
1490,site_17,summer,20.0,RNA,4.0,42.0,54.0,726.5677091282449,
1491,site_17,summer,50.0,DNA,4.0,42.0,54.0,507.34310184371236,
1492,site_17,summer,50.0,RNA,4.0,42.0,54.0,828.8745083295448,
1493,site_17,summer,80.0,DNA,4.0,42.0,54.0,883.6119031350825,
1494,site_17,summer,80.0,RNA,4.0,42.0,54.0,426.640205637628,
1495,site_17,summer,20.0,DNA,5.0,44.0,45.0,653.2528320840249,
1496,site_17,summer,20.0,RNA,5.0,44.0,45.0,928.0390022212275,
1497,site_17,summer,50.0,DNA,5.0,44.0,45.0,292.9068270859603,
1498,site_17,summer,50.0,RNA,5.0,44.0,45.0,531.4509880421215,
1499,site_17,summer,80.0,DNA,5.0,44.0,45.0,340.71584564841413,
1500,site_17,summer,80.0,RNA,5.0,44.0,45.0,404.1867012471366,
1501,site_17,autumn,20.0,DNA,1.0,19.0,71.0,294.0030740124399,
1502,site_17,autumn,20.0,RNA,1.0,19.0,71.0,689.5953284220604,
1503,site_17,autumn,50.0,DNA,1.0,19.0,71.0,967.1792153777672,
1504,site_17,autumn,50.0,RNA,1.0,19.0,71.0,698.8851668356244,
1505,site_17,autumn,80.0,DNA,1.0,19.0,71.0,398.8454742016845,
1506,site_17,autumn,80.0,RNA,1.0,19.0,71.0,313.8143320500747,
1507,site_17,autumn,20.0,DNA,2.0,17.0,77.0,372.7055956080066,
1508,site_17,autumn,20.0,RNA,2.0,17.0,77.0,445.5203435716354,
1509,site_17,autumn,50.0,DNA,2.0,17.0,77.0,390.4644226689361,
1510,site_17,autumn,50.0,RNA,2.0,17.0,77.0,657.6995412374083,
1511,site_17,autumn,80.0,DNA,2.0,17.0,77.0,559.1971529815974,
1512,site_17,autumn,80.0,RNA,2.0,17.0,77.0,1120.1321654199267,
1513,site_17,autumn,20.0,DNA,3.0,14.0,80.0,447.95670363267175,
1514,site_17,autumn,20.0,RNA,3.0,14.0,80.0,868.8080629114643,
1515,site_17,autumn,50.0,DNA,3.0,14.0,80.0,197.47382476048102,
1516,site_17,autumn,50.0,RNA,3.0,14.0,80.0,247.29200317326575,
1517,site_17,autumn,80.0,DNA,3.0,14.0,80.0,610.6203407784807,
1518,site_17,autumn,80.0,RNA,3.0,14.0,80.0,542.9889815163872,
1519,site_17,autumn,20.0,DNA,4.0,11.0,85.0,713.5159325663428,
1520,site_17,autumn,20.0,RNA,4.0,11.0,85.0,285.6522411532281,
1521,site_17,autumn,50.0,DNA,4.0,11.0,85.0,372.53806705600493,
1522,site_17,autumn,50.0,RNA,4.0,11.0,85.0,498.7332944931331,
1523,site_17,autumn,80.0,DNA,4.0,11.0,85.0,448.14587813101616,
1524,site_17,autumn,80.0,RNA,4.0,11.0,85.0,915.3354644064352,
1525,site_17,autumn,20.0,DNA,5.0,14.0,94.0,656.4170153123118,
1526,site_17,autumn,20.0,RNA,5.0,14.0,94.0,37.659407642769224,
1527,site_17,autumn,50.0,DNA,5.0,14.0,94.0,437.623245272134,
1528,site_17,autumn,50.0,RNA,5.0,14.0,94.0,-310.1998431965983,
1529,site_17,autumn,80.0,DNA,5.0,14.0,94.0,841.6065940114142,
1530,site_17,autumn,80.0,RNA,5.0,14.0,94.0,513.2547433957646,
